"Id";"OrderId";"KeyName"
"13c82fb6-ead7-441a-a0e1-e788dc14f556";16;"User.Locked"
"161df699-0aaf-42ff-bd8b-6399debf094f";14;"User.State.Discount"
"2d9e33a8-afe0-4dd4-a4bc-411656b07e7e";6;"Setting.Pricing.Name"
"307c6f7e-6463-41a1-963e-66689d43f527";2;"Account.Linked.Accounts"
"3c35afab-ce8d-46a5-a2cf-807c4de2e1c8";13;"Setting.State.County.Subscriptions.Active"
"42d76562-9358-4bbd-ba9a-38fa661dee9b";3;"Setting.MaxRecords.Per.Year"
"49ab19f5-a525-4bc7-9a6a-4d2fd2cf0746";4;"Setting.MaxRecords.Per.Month"
"537a336d-eabd-42e1-9f60-3ec44b1b1533";11;"Setting.State.County.Subscriptions"
"5dd266d8-2654-4e95-a329-526ff6002b3c";8;"Setting.Pricing.Per.Month"
"655c21bf-84a6-4c6e-9610-044aebc9dd83";15;"User.State.County.Discount"
"6f114708-42a5-4017-b14e-16f2cd3e48d3";10;"Setting.State.Subscriptions"
"7cfd27d8-2d96-413b-8b88-9d42dd52160a";7;"Setting.Pricing.Per.Year"
"8287de41-3032-46c3-a13f-6c9781f032da";1;"Account.Permission.Level"
"904bba31-ec8e-4425-8928-c86249008086";9;"Setting.Pricing.Per.Request"
"c3f67e73-4574-4a41-8e3d-da9e42ca8681";0;"Account.IsPrimary"
"edf8d04d-c531-426e-9a3f-e896e48baec3";12;"Setting.State.Subscriptions.Active"
"fc4df07e-c3a6-4ae2-b1e9-0de358288358";5;"Setting.MaxRecords.Per.Request"
