"Id";"SearchId";"Message";"StatusId";"MachineName";"CreateDate";"LastUpdateDt";"CompletionDate"
"15ffc240-a5db-11ef-99ce-0af7a01f52e9";"94f43cec-5b50-11ef-99ce-0af7a01f52e9";"This is a test message";-1;"My Machine";"2024-11-18 18:29:45";"2024-11-18 18:29:45";""
"1eaae246-6b01-11ef-99ce-0af7a01f52e9";"94f43cec-5b50-11ef-99ce-0af7a01f52e9";"This is a test message";-1;"My Machine";"2024-09-04 21:03:22";"2024-09-04 21:03:22";""
"33667558-5fca-11ef-99ce-0af7a01f52e9";"94f43cec-5b50-11ef-99ce-0af7a01f52e9";"This is a test message";-1;"My Machine";"2024-08-21 14:32:32";"2024-08-21 14:32:32";""
"3b997284-a5e6-11ef-99ce-0af7a01f52e9";"94f43cec-5b50-11ef-99ce-0af7a01f52e9";"This is a test message";-1;"My Machine";"2024-11-18 19:49:33";"2024-11-18 19:49:33";""
"4e33571e-5fc5-11ef-99ce-0af7a01f52e9";"94f43cec-5b50-11ef-99ce-0af7a01f52e9";"This is a test message";-1;"My Machine";"2024-08-21 13:57:29";"2024-08-21 13:57:29";""
"645e212a-a485-11ef-99ce-0af7a01f52e9";"94f43cec-5b50-11ef-99ce-0af7a01f52e9";"This is a test message";-1;"My Machine";"2024-11-17 01:43:49";"2024-11-17 01:43:49";""
"7d3b12f5-6b00-11ef-99ce-0af7a01f52e9";"94f43cec-5b50-11ef-99ce-0af7a01f52e9";"This is a test message";-1;"My Machine";"2024-09-04 20:58:51";"2024-09-04 20:58:51";""
"7e48452b-5fc4-11ef-99ce-0af7a01f52e9";"94f43cec-5b50-11ef-99ce-0af7a01f52e9";"This is a test message";-1;"My Machine";"2024-08-21 13:51:40";"2024-08-21 13:51:40";""
"af06cadf-a484-11ef-99ce-0af7a01f52e9";"94f43cec-5b50-11ef-99ce-0af7a01f52e9";"This is a test message";-1;"My Machine";"2024-11-17 01:38:45";"2024-11-17 01:38:45";""
"b9b6674d-6b87-11ef-99ce-0af7a01f52e9";"94f43cec-5b50-11ef-99ce-0af7a01f52e9";"This is a test message";-1;"My Machine";"2024-09-05 13:06:55";"2024-09-05 13:06:55";""
"bf39ff26-5fc7-11ef-99ce-0af7a01f52e9";"94f43cec-5b50-11ef-99ce-0af7a01f52e9";"This is a test message";-1;"My Machine";"2024-08-21 14:14:58";"2024-08-21 14:14:58";""
"c3ec8b74-6bf4-11ef-99ce-0af7a01f52e9";"94f43cec-5b50-11ef-99ce-0af7a01f52e9";"This is a test message";-1;"My Machine";"2024-09-06 02:07:27";"2024-09-06 02:07:27";""
"dd4baba1-6b08-11ef-99ce-0af7a01f52e9";"94f43cec-5b50-11ef-99ce-0af7a01f52e9";"This is a test message";-1;"My Machine";"2024-09-04 21:58:48";"2024-09-04 21:58:48";""
"ec2dc131-600b-11ef-99ce-0af7a01f52e9";"94f43cec-5b50-11ef-99ce-0af7a01f52e9";"This is a test message";-1;"My Machine";"2024-08-21 22:22:59";"2024-08-21 22:22:59";""
"ffd4f4ea-a482-11ef-99ce-0af7a01f52e9";"94f43cec-5b50-11ef-99ce-0af7a01f52e9";"This is a test message";-1;"My Machine";"2024-11-17 01:26:41";"2024-11-17 01:26:41";""
