"Id";"SearchId";"LineNbr";"Line";"CreateDate"
"016a3503-40b0-11ef-99ce-0af7a01f52e9";"0169cde5-40b0-11ef-99ce-0af7a01f52e9";1;"{""state"":""tx"",""county"":{""name"":""denton"",""value"":26730},""details"":[{""name"":""Court Type"",""text"":""All County Courts"",""value"":""9""},{""name"":""Case Type"",""text"":""JP And County Courts"",""value"":""0""}],""start"":1696118400000,""end"":1696636800000}";"2024-07-13 00:36:55"
"01cb1c0d-40b0-11ef-99ce-0af7a01f52e9";"01caaf9e-40b0-11ef-99ce-0af7a01f52e9";1;"{""state"":""tx"",""county"":{""name"":""denton"",""value"":26730},""details"":[{""name"":""Court Type"",""text"":""All County Courts"",""value"":""9""},{""name"":""Case Type"",""text"":""JP And County Courts"",""value"":""0""}],""start"":1719880613829,""end"":1719967013829}";"2024-07-13 00:36:56"
"0496ff52-0bc2-11ef-99ce-0af7a01f52e9";"049677e9-0bc2-11ef-99ce-0af7a01f52e9";1;"{""state"":""tx"",""county"":{""name"":""denton"",""value"":26730},""details"":[{""name"":""Court Type"",""text"":""All County Courts"",""value"":""9""},{""name"":""Case Type"",""text"":""JP And County Courts"",""value"":""0""}],""start"":1696118400000,""end"":1696636800000}";"2024-05-06 16:02:20"
"06128ff7-faa3-11ee-b616-0af7a01f52e9";"06121dc5-faa3-11ee-b616-0af7a01f52e9";1;"{""state"":""tx"",""county"":{""name"":""denton"",""value"":26730},""details"":[{""name"":""Court Type"",""text"":""All County Courts"",""value"":""9""},{""name"":""Case Type"",""text"":""JP And County Courts"",""value"":""0""}],""start"":1696118400000,""end"":1696636800000}";"2024-04-14 21:07:38"
"0693937c-5573-11ef-99ce-0af7a01f52e9";"0693232d-5573-11ef-99ce-0af7a01f52e9";1;"{""state"":""tx"",""county"":{""name"":""harris"",""value"":27130},""details"":[{""name"":""Search Type"",""text"":""All Civil Courts"",""value"":""0""}],""start"":1722902400000,""end"":1722988800000}";"2024-08-08 10:43:19"
"06dccef4-3315-11ef-99ce-0af7a01f52e9";"06dc1da4-3315-11ef-99ce-0af7a01f52e9";1;"{""state"":""tx"",""county"":{""name"":""denton"",""value"":26730},""details"":[{""name"":""Court Type"",""text"":""All County Courts"",""value"":""9""},{""name"":""Case Type"",""text"":""JP And County Courts"",""value"":""0""}],""start"":1696118400000,""end"":1696636800000}";"2024-06-25 17:04:47"
"0abc3e94-540d-11ef-99ce-0af7a01f52e9";"0abbb411-540d-11ef-99ce-0af7a01f52e9";1;"{""state"":""tx"",""county"":{""name"":""collin"",""value"":26550},""details"":[{""name"":""Search Type"",""text"":""Civil And Family Case Records"",""value"":""3""}],""start"":1722816000000,""end"":1722902400000}";"2024-08-06 16:00:46"
"0ad0e947-0bce-11ef-99ce-0af7a01f52e9";"0ad070ae-0bce-11ef-99ce-0af7a01f52e9";1;"{""state"":""tx"",""county"":{""name"":""denton"",""value"":26730},""details"":[{""name"":""Court Type"",""text"":""All County Courts"",""value"":""9""},{""name"":""Case Type"",""text"":""JP And County Courts"",""value"":""0""}],""start"":1696118400000,""end"":1696636800000}";"2024-05-06 17:28:24"
"0b970520-2d13-11ef-99ce-0af7a01f52e9";"0b969955-2d13-11ef-99ce-0af7a01f52e9";1;"{""state"":""tx"",""county"":{""name"":""collin"",""value"":26550},""details"":[{""name"":""Search Type"",""text"":""Justice Of The Peace Case Records"",""value"":""4""}],""start"":1718064000000,""end"":1718064000000}";"2024-06-18 01:35:29"
"0c434e40-6b01-11ef-99ce-0af7a01f52e9";"0c42db3c-6b01-11ef-99ce-0af7a01f52e9";1;"{""state"":""tx"",""county"":{""name"":""denton"",""value"":26730},""details"":[{""name"":""Court Type"",""text"":""All County Courts"",""value"":""9""},{""name"":""Case Type"",""text"":""JP And County Courts"",""value"":""0""}],""start"":1696118400000,""end"":1696636800000}";"2024-09-04 21:02:51"
"0d3c0026-befc-11ee-be26-0af7a01f52e9";"0d3b51b2-befc-11ee-be26-0af7a01f52e9";1;"{""state"":""tx"",""county"":{""name"":""denton"",""value"":26730},""details"":[{""name"":""Court Type"",""text"":""All County Courts"",""value"":""9""},{""name"":""Case Type"",""text"":""JP And County Courts"",""value"":""0""}],""start"":1696118400000,""end"":1696636800000}";"2024-01-29 23:13:45"
"0dbea566-5c0d-11ef-99ce-0af7a01f52e9";"0dbe058f-5c0d-11ef-99ce-0af7a01f52e9";1;"{""state"":""tx"",""county"":{""name"":""denton"",""value"":26730},""details"":[{""name"":""Court Type"",""text"":""All County Courts"",""value"":""9""},{""name"":""Case Type"",""text"":""JP And County Courts"",""value"":""0""}],""start"":1696118400000,""end"":1696636800000}";"2024-08-16 20:21:00"
"0e1333f5-6b01-11ef-99ce-0af7a01f52e9";"0e12b9c6-6b01-11ef-99ce-0af7a01f52e9";1;"{""state"":""tx"",""county"":{""name"":""harris"",""value"":27130},""details"":[{""name"":""Search Type"",""text"":""All Civil Courts"",""value"":""0""}],""start"":1696118400000,""end"":1696636800000}";"2024-09-04 21:02:54"
"0fcc1f40-5c0d-11ef-99ce-0af7a01f52e9";"0fcb99e5-5c0d-11ef-99ce-0af7a01f52e9";1;"{""state"":""tx"",""county"":{""name"":""harris"",""value"":27130},""details"":[{""name"":""Search Type"",""text"":""All Civil Courts"",""value"":""0""}],""start"":1696118400000,""end"":1696636800000}";"2024-08-16 20:21:04"
"0ff04c47-a5db-11ef-99ce-0af7a01f52e9";"0fef6b46-a5db-11ef-99ce-0af7a01f52e9";1;"{""state"":""tx"",""county"":{""name"":""denton"",""value"":26730},""details"":[{""name"":""Court Type"",""text"":""All County Courts"",""value"":""9""},{""name"":""Case Type"",""text"":""JP And County Courts"",""value"":""0""}],""start"":1696118400000,""end"":1696636800000}";"2024-11-18 18:29:35"
"0ff93f59-6b01-11ef-99ce-0af7a01f52e9";"0ff8b20f-6b01-11ef-99ce-0af7a01f52e9";1;"{""state"":""tx"",""county"":{""name"":""denton"",""value"":26730},""details"":[{""name"":""Court Type"",""text"":""All County Courts"",""value"":""9""},{""name"":""Case Type"",""text"":""JP And County Courts"",""value"":""0""}],""start"":1724619772327,""end"":1724706172326}";"2024-09-04 21:02:57"
"1044430d-a5db-11ef-99ce-0af7a01f52e9";"10437e1e-a5db-11ef-99ce-0af7a01f52e9";1;"{""state"":""tx"",""county"":{""name"":""harris"",""value"":27130},""details"":[{""name"":""Search Type"",""text"":""All Civil Courts"",""value"":""0""}],""start"":1696118400000,""end"":1696636800000}";"2024-11-18 18:29:36"
"10df4661-a5db-11ef-99ce-0af7a01f52e9";"10dec5a2-a5db-11ef-99ce-0af7a01f52e9";1;"{""state"":""tx"",""county"":{""name"":""collin"",""value"":26550},""details"":[{""name"":""Search Type"",""text"":""criminal case records"",""value"":""0""}],""start"":1730917776936,""end"":1731004176936}";"2024-11-18 18:29:37"
"11a80dab-6b01-11ef-99ce-0af7a01f52e9";"11a77fe0-6b01-11ef-99ce-0af7a01f52e9";1;"{""state"":""tx"",""county"":{""name"":""collin"",""value"":26550},""details"":[{""name"":""Search Type"",""text"":""criminal case records"",""value"":""0""}],""start"":1725051775140,""end"":1725138175140}";"2024-09-04 21:03:00"
"11c81d71-2292-11ef-99ce-0af7a01f52e9";"11c73469-2292-11ef-99ce-0af7a01f52e9";1;"{""state"":""tx"",""county"":{""name"":""denton"",""value"":26730},""details"":[{""name"":""Court Type"",""text"":""All County Courts"",""value"":""9""},{""name"":""Case Type"",""text"":""JP And County Courts"",""value"":""0""}],""start"":1696118400000,""end"":1696636800000}";"2024-06-04 16:47:03"
"11e02db3-5c0d-11ef-99ce-0af7a01f52e9";"11df1101-5c0d-11ef-99ce-0af7a01f52e9";1;"{""state"":""tx"",""county"":{""name"":""denton"",""value"":26730},""details"":[{""name"":""Court Type"",""text"":""All County Courts"",""value"":""9""},{""name"":""Case Type"",""text"":""JP And County Courts"",""value"":""0""}],""start"":1723148463206,""end"":1723234863204}";"2024-08-16 20:21:07"
"12c0c909-0bb1-11ef-99ce-0af7a01f52e9";"12c03eb6-0bb1-11ef-99ce-0af7a01f52e9";1;"{""state"":""tx"",""county"":{""name"":""denton"",""value"":26730},""details"":[{""name"":""Court Type"",""text"":""All County Courts"",""value"":""9""},{""name"":""Case Type"",""text"":""JP And County Courts"",""value"":""0""}],""start"":1696118400000,""end"":1696636800000}";"2024-05-06 14:01:02"
"13f59ed8-5c0d-11ef-99ce-0af7a01f52e9";"13f515aa-5c0d-11ef-99ce-0af7a01f52e9";1;"{""state"":""tx"",""county"":{""name"":""collin"",""value"":26550},""details"":[{""name"":""Search Type"",""text"":""criminal case records"",""value"":""0""}],""start"":1722802866628,""end"":1722889266628}";"2024-08-16 20:21:11"
"152ff398-4aa9-11ef-99ce-0af7a01f52e9";"152f1630-4aa9-11ef-99ce-0af7a01f52e9";1;"{""state"":""tx"",""county"":{""name"":""harris"",""value"":27130},""details"":[{""name"":""Search Type"",""text"":""All Civil Courts"",""value"":""0""}],""start"":1719878400000,""end"":1719964800000}";"2024-07-25 17:12:33"
"17a77f34-c5d4-11ee-be26-0af7a01f52e9";"17a6b38c-c5d4-11ee-be26-0af7a01f52e9";1;"{""state"":""tx"",""county"":{""name"":""denton"",""value"":26730},""details"":[{""name"":""Court Type"",""text"":""All County Courts"",""value"":""9""},{""name"":""Case Type"",""text"":""JP And County Courts"",""value"":""0""}],""start"":1696118400000,""end"":1696636800000}";"2024-02-07 16:15:21"
"17d46c0d-faa3-11ee-b616-0af7a01f52e9";"17d40c8d-faa3-11ee-b616-0af7a01f52e9";1;"{""state"":""tx"",""county"":{""name"":""denton"",""value"":26730},""details"":[{""name"":""Court Type"",""text"":""All County Courts"",""value"":""9""},{""name"":""Case Type"",""text"":""JP And County Courts"",""value"":""0""}],""start"":1696118400000,""end"":1696636800000}";"2024-04-14 21:08:08"
"1bc87cf8-2d12-11ef-99ce-0af7a01f52e9";"1bc7f905-2d12-11ef-99ce-0af7a01f52e9";1;"{""state"":""tx"",""county"":{""name"":""denton"",""value"":26730},""details"":[{""name"":""Court Type"",""text"":""All County Courts"",""value"":""9""},{""name"":""Case Type"",""text"":""JP And County Courts"",""value"":""0""}],""start"":1718155659952,""end"":1718242059952}";"2024-06-18 01:28:47"
"1bce610e-c3c4-11ee-be26-0af7a01f52e9";"1bcdec07-c3c4-11ee-be26-0af7a01f52e9";1;"{""state"":""tx"",""county"":{""name"":""denton"",""value"":26730},""details"":[{""name"":""Court Type"",""text"":""All County Courts"",""value"":""9""},{""name"":""Case Type"",""text"":""JP And County Courts"",""value"":""0""}],""start"":1696118400000,""end"":1696636800000}";"2024-02-05 01:15:54"
"1c3273f0-1ddc-11ef-99ce-0af7a01f52e9";"1c3201b0-1ddc-11ef-99ce-0af7a01f52e9";1;"{""state"":""tx"",""county"":{""name"":""denton"",""value"":26730},""details"":[{""name"":""Court Type"",""text"":""All County Courts"",""value"":""9""},{""name"":""Case Type"",""text"":""JP And County Courts"",""value"":""0""}],""start"":1696118400000,""end"":1696636800000}";"2024-05-29 16:54:27"
"1cb95adb-c3b7-11ee-be26-0af7a01f52e9";"1cb8bd15-c3b7-11ee-be26-0af7a01f52e9";1;"{""state"":""tx"",""county"":{""name"":""denton"",""value"":26730},""details"":[{""name"":""Court Type"",""text"":""All County Courts"",""value"":""9""},{""name"":""Case Type"",""text"":""JP And County Courts"",""value"":""0""}],""start"":1696118400000,""end"":1696636800000}";"2024-02-04 23:42:52"
"1d3deb5d-0dbb-11ef-99ce-0af7a01f52e9";"1d3d7472-0dbb-11ef-99ce-0af7a01f52e9";1;"{""state"":""tx"",""county"":{""name"":""denton"",""value"":26730},""details"":[{""name"":""Court Type"",""text"":""All County Courts"",""value"":""9""},{""name"":""Case Type"",""text"":""JP And County Courts"",""value"":""0""}],""start"":1696118400000,""end"":1696636800000}";"2024-05-09 04:17:57"
"1df2ef88-c3c4-11ee-be26-0af7a01f52e9";"1df255ac-c3c4-11ee-be26-0af7a01f52e9";1;"{""state"":""tx"",""county"":{""name"":""denton"",""value"":26730},""details"":[{""name"":""Court Type"",""text"":""All County Courts"",""value"":""9""},{""name"":""Case Type"",""text"":""JP And County Courts"",""value"":""0""}],""start"":1696118400000,""end"":1696636800000}";"2024-02-05 01:15:57"
"1e0d69cc-c230-11ee-be26-0af7a01f52e9";"1e0cabed-c230-11ee-be26-0af7a01f52e9";1;"{""state"":""tx"",""county"":{""name"":""denton"",""value"":26730},""details"":[{""name"":""Court Type"",""text"":""All County Courts"",""value"":""9""},{""name"":""Case Type"",""text"":""JP And County Courts"",""value"":""0""}],""start"":1696118400000,""end"":1696636800000}";"2024-02-03 01:04:01"
"1ed411e4-5fca-11ef-99ce-0af7a01f52e9";"1ed39667-5fca-11ef-99ce-0af7a01f52e9";1;"{""state"":""tx"",""county"":{""name"":""denton"",""value"":26730},""details"":[{""name"":""Court Type"",""text"":""All County Courts"",""value"":""9""},{""name"":""Case Type"",""text"":""JP And County Courts"",""value"":""0""}],""start"":1696118400000,""end"":1696636800000}";"2024-08-21 14:31:57"
"20419487-a5e6-11ef-99ce-0af7a01f52e9";"20412dc8-a5e6-11ef-99ce-0af7a01f52e9";1;"{""state"":""tx"",""county"":{""name"":""denton"",""value"":26730},""details"":[{""name"":""Court Type"",""text"":""All County Courts"",""value"":""9""},{""name"":""Case Type"",""text"":""JP And County Courts"",""value"":""0""}],""start"":1696118400000,""end"":1696636800000}";"2024-11-18 19:48:47"
"20ca28fb-5fca-11ef-99ce-0af7a01f52e9";"20c9bee3-5fca-11ef-99ce-0af7a01f52e9";1;"{""state"":""tx"",""county"":{""name"":""harris"",""value"":27130},""details"":[{""name"":""Search Type"",""text"":""All Civil Courts"",""value"":""0""}],""start"":1696118400000,""end"":1696636800000}";"2024-08-21 14:32:00"
"2253571f-a5e6-11ef-99ce-0af7a01f52e9";"2252cb62-a5e6-11ef-99ce-0af7a01f52e9";1;"{""state"":""tx"",""county"":{""name"":""harris"",""value"":27130},""details"":[{""name"":""Search Type"",""text"":""All Civil Courts"",""value"":""0""}],""start"":1696118400000,""end"":1696636800000}";"2024-11-18 19:48:50"
"22ceb898-5fca-11ef-99ce-0af7a01f52e9";"22ce336c-5fca-11ef-99ce-0af7a01f52e9";1;"{""state"":""tx"",""county"":{""name"":""denton"",""value"":26730},""details"":[{""name"":""Court Type"",""text"":""All County Courts"",""value"":""9""},{""name"":""Case Type"",""text"":""JP And County Courts"",""value"":""0""}],""start"":1723041121122,""end"":1723127521120}";"2024-08-21 14:32:04"
"23468124-0c0a-11ef-99ce-0af7a01f52e9";"234610a2-0c0a-11ef-99ce-0af7a01f52e9";1;"{""state"":""tx"",""county"":{""name"":""denton"",""value"":26730},""details"":[{""name"":""Court Type"",""text"":""All County Courts"",""value"":""9""},{""name"":""Case Type"",""text"":""JP And County Courts"",""value"":""0""}],""start"":1696118400000,""end"":1696636800000}";"2024-05-07 00:38:35"
"238def37-1f92-11ef-99ce-0af7a01f52e9";"238d729e-1f92-11ef-99ce-0af7a01f52e9";1;"{""state"":""tx"",""county"":{""name"":""denton"",""value"":26730},""details"":[{""name"":""Court Type"",""text"":""All County Courts"",""value"":""9""},{""name"":""Case Type"",""text"":""JP And County Courts"",""value"":""0""}],""start"":1696118400000,""end"":1696636800000}";"2024-05-31 21:09:59"
"248eb70c-a5e6-11ef-99ce-0af7a01f52e9";"248e423f-a5e6-11ef-99ce-0af7a01f52e9";1;"{""state"":""tx"",""county"":{""name"":""harris-jp"",""value"":32190},""details"":[{""name"":""Court Selection"",""text"":""All JP Courts"",""value"":""0""}],""start"":1731440933428,""end"":1731527333428}";"2024-11-18 19:48:54"
"25046ef6-5fca-11ef-99ce-0af7a01f52e9";"2503dfa2-5fca-11ef-99ce-0af7a01f52e9";1;"{""state"":""tx"",""county"":{""name"":""collin"",""value"":26550},""details"":[{""name"":""Search Type"",""text"":""criminal case records"",""value"":""0""}],""start"":1723559524847,""end"":1723645924847}";"2024-08-21 14:32:08"
"26bacd95-a5e6-11ef-99ce-0af7a01f52e9";"26ba4dec-a5e6-11ef-99ce-0af7a01f52e9";1;"{""state"":""tx"",""county"":{""name"":""denton"",""value"":26730},""details"":[{""name"":""Court Type"",""text"":""All County Courts"",""value"":""9""},{""name"":""Case Type"",""text"":""JP And County Courts"",""value"":""0""}],""start"":1731268137226,""end"":1731354537226}";"2024-11-18 19:48:58"
"27fed7eb-1d7d-11ef-99ce-0af7a01f52e9";"27fe5515-1d7d-11ef-99ce-0af7a01f52e9";1;"{""state"":""tx"",""county"":{""name"":""denton"",""value"":26730},""details"":[{""name"":""Court Type"",""text"":""All County Courts"",""value"":""9""},{""name"":""Case Type"",""text"":""JP And County Courts"",""value"":""0""}],""start"":1696118400000,""end"":1696636800000}";"2024-05-29 05:34:45"
"28eede48-a5e6-11ef-99ce-0af7a01f52e9";"28ee5c58-a5e6-11ef-99ce-0af7a01f52e9";1;"{""state"":""tx"",""county"":{""name"":""collin"",""value"":26550},""details"":[{""name"":""Search Type"",""text"":""criminal case records"",""value"":""0""}],""start"":1730573341058,""end"":1730663341058}";"2024-11-18 19:49:01"
"2b4b2dbd-c5d5-11ee-be26-0af7a01f52e9";"2b4a8291-c5d5-11ee-be26-0af7a01f52e9";1;"{""state"":""tx"",""county"":{""name"":""denton"",""value"":26730},""details"":[{""name"":""Court Type"",""text"":""All County Courts"",""value"":""9""},{""name"":""Case Type"",""text"":""JP And County Courts"",""value"":""0""}],""start"":1696118400000,""end"":1696636800000}";"2024-02-07 16:23:04"
"2bfd451e-8f50-11ef-99ce-0af7a01f52e9";"2bfc04b8-8f50-11ef-99ce-0af7a01f52e9";1;"{""state"":""tx"",""county"":{""name"":""tarrant"",""value"":28330},""details"":[{""name"":""Search Type"",""text"":""All JP Courts"",""value"":""1""}],""start"":1729123200000,""end"":1729209600000}";"2024-10-21 01:59:56"
"2f8ac7a6-8f4f-11ef-99ce-0af7a01f52e9";"2f8a563a-8f4f-11ef-99ce-0af7a01f52e9";1;"{""state"":""tx"",""county"":{""name"":""denton"",""value"":26730},""details"":[{""name"":""Court Selection"",""text"":""All County Courts"",""value"":""9""},{""name"":""Case Type"",""text"":""JP And County Court: Civil, Family And Probate"",""value"":""0""}],""start"":1729123200000,""end"":1729209600000}";"2024-10-21 01:52:53"
"2f8fc483-0bc4-11ef-99ce-0af7a01f52e9";"2f8f4714-0bc4-11ef-99ce-0af7a01f52e9";1;"{""state"":""tx"",""county"":{""name"":""denton"",""value"":26730},""details"":[{""name"":""Court Type"",""text"":""All County Courts"",""value"":""9""},{""name"":""Case Type"",""text"":""JP And County Courts"",""value"":""0""}],""start"":1696118400000,""end"":1696636800000}";"2024-05-06 16:17:51"
"3105e260-1df0-11ef-99ce-0af7a01f52e9";"3105702f-1df0-11ef-99ce-0af7a01f52e9";1;"{""state"":""tx"",""county"":{""name"":""denton"",""value"":26730},""details"":[{""name"":""Court Type"",""text"":""All County Courts"",""value"":""9""},{""name"":""Case Type"",""text"":""JP And County Courts"",""value"":""0""}],""start"":1696118400000,""end"":1696636800000}";"2024-05-29 19:18:12"
"321a011a-1b80-11ef-99ce-0af7a01f52e9";"32198fe3-1b80-11ef-99ce-0af7a01f52e9";1;"{""state"":""tx"",""county"":{""name"":""denton"",""value"":26730},""details"":[{""name"":""Court Type"",""text"":""All County Courts"",""value"":""9""},{""name"":""Case Type"",""text"":""JP And County Courts"",""value"":""0""}],""start"":1696118400000,""end"":1696636800000}";"2024-05-26 16:51:28"
"35a46a45-0bb3-11ef-99ce-0af7a01f52e9";"35a3e47d-0bb3-11ef-99ce-0af7a01f52e9";1;"{""state"":""tx"",""county"":{""name"":""denton"",""value"":26730},""details"":[{""name"":""Court Type"",""text"":""All County Courts"",""value"":""9""},{""name"":""Case Type"",""text"":""JP And County Courts"",""value"":""0""}],""start"":1696118400000,""end"":1696636800000}";"2024-05-06 14:16:19"
"35cbb377-1b7f-11ef-99ce-0af7a01f52e9";"35cb397f-1b7f-11ef-99ce-0af7a01f52e9";1;"{""state"":""tx"",""county"":{""name"":""denton"",""value"":26730},""details"":[{""name"":""Court Type"",""text"":""All County Courts"",""value"":""9""},{""name"":""Case Type"",""text"":""JP And County Courts"",""value"":""0""}],""start"":1696118400000,""end"":1696636800000}";"2024-05-26 16:44:24"
"365bb3ee-45ff-11ef-99ce-0af7a01f52e9";"365b37dd-45ff-11ef-99ce-0af7a01f52e9";1;"{""state"":""tx"",""county"":{""name"":""tarrant"",""value"":28330},""details"":[{""name"":""Search Type"",""text"":""All CCL Courts"",""value"":""2""}],""start"":1721174400000,""end"":1721174400000}";"2024-07-19 18:46:30"
"38281ba0-c407-11ee-be26-0af7a01f52e9";"38276732-c407-11ee-be26-0af7a01f52e9";1;"{""state"":""tx"",""county"":{""name"":""denton"",""value"":26730},""details"":[{""name"":""Court Type"",""text"":""All County Courts"",""value"":""9""},{""name"":""Case Type"",""text"":""JP And County Courts"",""value"":""0""}],""start"":1696118400000,""end"":1696636800000}";"2024-02-05 09:16:18"
"3a77e737-363d-11ef-99ce-0af7a01f52e9";"3a772d24-363d-11ef-99ce-0af7a01f52e9";1;"{""state"":""tx"",""county"":{""name"":""denton"",""value"":26730},""details"":[{""name"":""Court Selection"",""text"":""All JP And County Courts"",""value"":""1""},{""name"":""Case Type"",""text"":""JP And County Court: Civil, Family And Probate"",""value"":""0""}],""start"":1719187200000,""end"":1719273600000}";"2024-06-29 17:30:07"
"3b079df1-33d1-11ef-99ce-0af7a01f52e9";"3b07210e-33d1-11ef-99ce-0af7a01f52e9";1;"{""state"":""tx"",""county"":{""name"":""tarrant"",""value"":28330},""details"":[{""name"":""Search Type"",""text"":""All JP Courts"",""value"":""1""}],""start"":1719187200000,""end"":1719273600000}";"2024-06-26 15:32:00"
"3b2a0618-7ac8-11ef-99ce-0af7a01f52e9";"3b29906f-7ac8-11ef-99ce-0af7a01f52e9";1;"{""state"":""tx"",""county"":{""name"":""tarrant"",""value"":28330},""details"":[{""name"":""Search Type"",""text"":""All JP Courts"",""value"":""1""}],""start"":1726444800000,""end"":1726704000000}";"2024-09-24 22:56:27"
"3b6e40fe-1fe3-11ef-99ce-0af7a01f52e9";"3b6dceaa-1fe3-11ef-99ce-0af7a01f52e9";1;"{""state"":""tx"",""county"":{""name"":""denton"",""value"":26730},""details"":[{""name"":""Court Type"",""text"":""All County Courts"",""value"":""9""},{""name"":""Case Type"",""text"":""JP And County Courts"",""value"":""0""}],""start"":1696118400000,""end"":1696636800000}";"2024-06-01 06:50:28"
"3b8e3a22-5773-11ef-99ce-0af7a01f52e9";"3b8db28f-5773-11ef-99ce-0af7a01f52e9";1;"{""state"":""tx"",""county"":{""name"":""collin"",""value"":26550},""details"":[{""name"":""Search Type"",""text"":""Civil And Family Case Records"",""value"":""3""}],""start"":1722816000000,""end"":1722902400000}";"2024-08-10 23:49:50"
"3bfbaf74-5c11-11ef-99ce-0af7a01f52e9";"3bfaf71f-5c11-11ef-99ce-0af7a01f52e9";1;"{""state"":""tx"",""county"":{""name"":""denton"",""value"":26730},""details"":[{""name"":""Court Type"",""text"":""All County Courts"",""value"":""9""},{""name"":""Case Type"",""text"":""JP And County Courts"",""value"":""0""}],""start"":1696118400000,""end"":1696636800000}";"2024-08-16 20:50:56"
"3cd73296-2293-11ef-99ce-0af7a01f52e9";"3cd6bc5b-2293-11ef-99ce-0af7a01f52e9";1;"{""state"":""tx"",""county"":{""name"":""denton"",""value"":26730},""details"":[{""name"":""Court Type"",""text"":""All County Courts"",""value"":""9""},{""name"":""Case Type"",""text"":""JP And County Courts"",""value"":""0""}],""start"":1696118400000,""end"":1696636800000}";"2024-06-04 16:55:24"
"3ddf0a29-5c11-11ef-99ce-0af7a01f52e9";"3dde8d0c-5c11-11ef-99ce-0af7a01f52e9";1;"{""state"":""tx"",""county"":{""name"":""harris"",""value"":27130},""details"":[{""name"":""Search Type"",""text"":""All Civil Courts"",""value"":""0""}],""start"":1696118400000,""end"":1696636800000}";"2024-08-16 20:50:59"
"3deac8e0-0b18-11ef-99ce-0af7a01f52e9";"3dea6652-0b18-11ef-99ce-0af7a01f52e9";1;"{""state"":""tx"",""county"":{""name"":""denton"",""value"":26730},""details"":[{""name"":""Court Type"",""text"":""All County Courts"",""value"":""9""},{""name"":""Case Type"",""text"":""JP And County Courts"",""value"":""0""}],""start"":1696118400000,""end"":1696636800000}";"2024-05-05 19:47:01"
"3ec80a1a-0c08-11ef-99ce-0af7a01f52e9";"3ec7a5fb-0c08-11ef-99ce-0af7a01f52e9";1;"{""state"":""tx"",""county"":{""name"":""denton"",""value"":26730},""details"":[{""name"":""Court Type"",""text"":""All County Courts"",""value"":""9""},{""name"":""Case Type"",""text"":""JP And County Courts"",""value"":""0""}],""start"":1696118400000,""end"":1696636800000}";"2024-05-07 00:25:02"
"3fafcfcf-5c11-11ef-99ce-0af7a01f52e9";"3faf0f9e-5c11-11ef-99ce-0af7a01f52e9";1;"{""state"":""tx"",""county"":{""name"":""denton"",""value"":26730},""details"":[{""name"":""Court Type"",""text"":""All County Courts"",""value"":""9""},{""name"":""Case Type"",""text"":""JP And County Courts"",""value"":""0""}],""start"":1723063858024,""end"":1723150258022}";"2024-08-16 20:51:02"
"416706ae-5c11-11ef-99ce-0af7a01f52e9";"416677b1-5c11-11ef-99ce-0af7a01f52e9";1;"{""state"":""tx"",""county"":{""name"":""collin"",""value"":26550},""details"":[{""name"":""Search Type"",""text"":""criminal case records"",""value"":""0""}],""start"":1723409460871,""end"":1723495860871}";"2024-08-16 20:51:05"
"42c801e4-33cc-11ef-99ce-0af7a01f52e9";"42c7806e-33cc-11ef-99ce-0af7a01f52e9";1;"{""state"":""tx"",""county"":{""name"":""collin"",""value"":26550},""details"":[{""name"":""Search Type"",""text"":""Civil And Family Case Records"",""value"":""3""}],""start"":1719187200000,""end"":1719273600000}";"2024-06-26 14:56:25"
"439e201a-0bb7-11ef-99ce-0af7a01f52e9";"439db257-0bb7-11ef-99ce-0af7a01f52e9";1;"{""state"":""tx"",""county"":{""name"":""denton"",""value"":26730},""details"":[{""name"":""Court Type"",""text"":""All County Courts"",""value"":""9""},{""name"":""Case Type"",""text"":""JP And County Courts"",""value"":""0""}],""start"":1696118400000,""end"":1696636800000}";"2024-05-06 14:45:21"
"45b1ad5e-cc11-11ee-be26-0af7a01f52e9";"45b0ffd7-cc11-11ee-be26-0af7a01f52e9";1;"{""state"":""tx"",""county"":{""name"":""denton"",""value"":26730},""details"":[{""name"":""Court Selection"",""text"":""All County Courts"",""value"":""9""},{""name"":""Case Type"",""text"":""JP And County Court: Criminal Case Records"",""value"":""1""}],""start"":1706745600000,""end"":1707091200000}";"2024-02-15 14:48:25"
"473f0671-1e1b-11ef-99ce-0af7a01f52e9";"473e4127-1e1b-11ef-99ce-0af7a01f52e9";1;"{""state"":""tx"",""county"":{""name"":""denton"",""value"":26730},""details"":[{""name"":""Court Type"",""text"":""All County Courts"",""value"":""9""},{""name"":""Case Type"",""text"":""JP And County Courts"",""value"":""0""}],""start"":1696118400000,""end"":1696636800000}";"2024-05-30 00:26:38"
"47fd6a1a-cf91-11ee-be26-0af7a01f52e9";"47fbf8f9-cf91-11ee-be26-0af7a01f52e9";1;"{""state"":""tx"",""county"":{""name"":""tarrant"",""value"":28330},""details"":[{""name"":""Search Type"",""text"":""All CCL Courts"",""value"":""2""}],""start"":1707696000000,""end"":1707955200000}";"2024-02-20 01:42:18"
"48919f62-befc-11ee-be26-0af7a01f52e9";"4890f996-befc-11ee-be26-0af7a01f52e9";1;"{""state"":""tx"",""county"":{""name"":""denton"",""value"":26730},""details"":[{""name"":""Court Type"",""text"":""All County Courts"",""value"":""9""},{""name"":""Case Type"",""text"":""JP And County Courts"",""value"":""0""}],""start"":1696118400000,""end"":1696636800000}";"2024-01-29 23:15:25"
"49b0b129-0bd1-11ef-99ce-0af7a01f52e9";"49afa95d-0bd1-11ef-99ce-0af7a01f52e9";1;"{""state"":""tx"",""county"":{""name"":""denton"",""value"":26730},""details"":[{""name"":""Court Type"",""text"":""All County Courts"",""value"":""9""},{""name"":""Case Type"",""text"":""JP And County Courts"",""value"":""0""}],""start"":1696118400000,""end"":1696636800000}";"2024-05-06 17:51:38"
"4bf96f9e-25df-11ef-99ce-0af7a01f52e9";"4bf81a37-25df-11ef-99ce-0af7a01f52e9";1;"{""state"":""tx"",""county"":{""name"":""denton"",""value"":26730},""details"":[{""name"":""Court Type"",""text"":""All County Courts"",""value"":""9""},{""name"":""Case Type"",""text"":""JP And County Courts"",""value"":""0""}],""start"":1696118400000,""end"":1696636800000}";"2024-06-08 21:37:25"
"4dae94ce-3c06-11ef-99ce-0af7a01f52e9";"4dadaaf9-3c06-11ef-99ce-0af7a01f52e9";1;"{""state"":""tx"",""county"":{""name"":""denton"",""value"":26730},""details"":[{""name"":""Court Type"",""text"":""All County Courts"",""value"":""9""},{""name"":""Case Type"",""text"":""JP And County Courts"",""value"":""0""}],""start"":1696118400000,""end"":1696636800000}";"2024-07-07 02:12:04"
"4f7037e5-a485-11ef-99ce-0af7a01f52e9";"4f6fac8e-a485-11ef-99ce-0af7a01f52e9";1;"{""state"":""tx"",""county"":{""name"":""denton"",""value"":26730},""details"":[{""name"":""Court Type"",""text"":""All County Courts"",""value"":""9""},{""name"":""Case Type"",""text"":""JP And County Courts"",""value"":""0""}],""start"":1696118400000,""end"":1696636800000}";"2024-11-17 01:43:14"
"4f7d5d4d-3c06-11ef-99ce-0af7a01f52e9";"4f7cdde2-3c06-11ef-99ce-0af7a01f52e9";1;"{""state"":""tx"",""county"":{""name"":""harris"",""value"":27130},""details"":[{""name"":""Search Type"",""text"":""All Civil Courts"",""value"":""0""}],""start"":1696118400000,""end"":1696636800000}";"2024-07-07 02:12:07"
"4fe1889f-7df7-11ef-99ce-0af7a01f52e9";"4fe0d02e-7df7-11ef-99ce-0af7a01f52e9";1;"{""state"":""tx"",""county"":{""name"":""harris-jp"",""value"":32190},""details"":[{""name"":""Court Selection"",""text"":""All JP Civil Courts"",""value"":""1""}],""start"":1727049600000,""end"":1727395200000}";"2024-09-29 00:11:02"
"512be416-3c06-11ef-99ce-0af7a01f52e9";"512b03d7-3c06-11ef-99ce-0af7a01f52e9";1;"{""state"":""tx"",""county"":{""name"":""denton"",""value"":26730},""details"":[{""name"":""Court Type"",""text"":""All County Courts"",""value"":""9""},{""name"":""Case Type"",""text"":""JP And County Courts"",""value"":""0""}],""start"":1719713528230,""end"":1719799928228}";"2024-07-07 02:12:10"
"515f6701-a485-11ef-99ce-0af7a01f52e9";"515eb498-a485-11ef-99ce-0af7a01f52e9";1;"{""state"":""tx"",""county"":{""name"":""harris"",""value"":27130},""details"":[{""name"":""Search Type"",""text"":""All Civil Courts"",""value"":""0""}],""start"":1696118400000,""end"":1696636800000}";"2024-11-17 01:43:17"
"52c461f6-8f50-11ef-99ce-0af7a01f52e9";"52c3edb5-8f50-11ef-99ce-0af7a01f52e9";1;"{""state"":""tx"",""county"":{""name"":""collin"",""value"":26550},""details"":[{""name"":""Search Type"",""text"":""Civil And Family Case Records"",""value"":""3""}],""start"":1729123200000,""end"":1729209600000}";"2024-10-21 02:01:02"
"5325a5b6-2292-11ef-99ce-0af7a01f52e9";"5325352f-2292-11ef-99ce-0af7a01f52e9";1;"{""state"":""tx"",""county"":{""name"":""denton"",""value"":26730},""details"":[{""name"":""Court Type"",""text"":""All County Courts"",""value"":""9""},{""name"":""Case Type"",""text"":""JP And County Courts"",""value"":""0""}],""start"":1696118400000,""end"":1696636800000}";"2024-06-04 16:48:52"
"53283e46-a485-11ef-99ce-0af7a01f52e9";"5327c216-a485-11ef-99ce-0af7a01f52e9";1;"{""state"":""tx"",""county"":{""name"":""harris-jp"",""value"":32190},""details"":[{""name"":""Court Selection"",""text"":""All JP Courts"",""value"":""0""}],""start"":1731548596849,""end"":1731634996848}";"2024-11-17 01:43:20"
"54cbebff-a485-11ef-99ce-0af7a01f52e9";"54cb4d60-a485-11ef-99ce-0af7a01f52e9";1;"{""state"":""tx"",""county"":{""name"":""denton"",""value"":26730},""details"":[{""name"":""Court Type"",""text"":""All County Courts"",""value"":""9""},{""name"":""Case Type"",""text"":""JP And County Courts"",""value"":""0""}],""start"":1730857399594,""end"":1730943799594}";"2024-11-17 01:43:23"
"55393491-1d36-11ef-99ce-0af7a01f52e9";"5538c723-1d36-11ef-99ce-0af7a01f52e9";1;"{""state"":""tx"",""county"":{""name"":""denton"",""value"":26730},""details"":[{""name"":""Court Type"",""text"":""All County Courts"",""value"":""9""},{""name"":""Case Type"",""text"":""JP And County Courts"",""value"":""0""}],""start"":1696118400000,""end"":1696636800000}";"2024-05-28 21:07:46"
"558e7c0d-c3a7-11ee-be26-0af7a01f52e9";"558dcb84-c3a7-11ee-be26-0af7a01f52e9";1;"{""state"":""tx"",""county"":{""name"":""denton"",""value"":26730},""details"":[{""name"":""Court Type"",""text"":""All County Courts"",""value"":""9""},{""name"":""Case Type"",""text"":""JP And County Courts"",""value"":""0""}],""start"":1696118400000,""end"":1696636800000}";"2024-02-04 21:49:55"
"55e5e9a2-0bab-11ef-99ce-0af7a01f52e9";"55e557e2-0bab-11ef-99ce-0af7a01f52e9";1;"{""state"":""tx"",""county"":{""name"":""denton"",""value"":26730},""details"":[{""name"":""Court Type"",""text"":""All County Courts"",""value"":""9""},{""name"":""Case Type"",""text"":""JP And County Courts"",""value"":""0""}],""start"":1696118400000,""end"":1696636800000}";"2024-05-06 13:19:58"
"561fe99b-2294-11ef-99ce-0af7a01f52e9";"561f797d-2294-11ef-99ce-0af7a01f52e9";1;"{""state"":""tx"",""county"":{""name"":""denton"",""value"":26730},""details"":[{""name"":""Court Type"",""text"":""All County Courts"",""value"":""9""},{""name"":""Case Type"",""text"":""JP And County Courts"",""value"":""0""}],""start"":1696118400000,""end"":1696636800000}";"2024-06-04 17:03:16"
"5679f6e8-a485-11ef-99ce-0af7a01f52e9";"567976bd-a485-11ef-99ce-0af7a01f52e9";1;"{""state"":""tx"",""county"":{""name"":""collin"",""value"":26550},""details"":[{""name"":""Search Type"",""text"":""criminal case records"",""value"":""0""}],""start"":1731548602410,""end"":1731635002410}";"2024-11-17 01:43:26"
"5812e2b2-6b92-11ef-99ce-0af7a01f52e9";"581267c6-6b92-11ef-99ce-0af7a01f52e9";1;"{""state"":""tx"",""county"":{""name"":""harris-jp"",""value"":32190},""details"":[{""name"":""Court Selection"",""text"":""All JP Courts"",""value"":""0""}],""start"":1725283795586,""end"":1725283795586}";"2024-09-05 14:22:55"
"583f80dd-0bb1-11ef-99ce-0af7a01f52e9";"583f0c4d-0bb1-11ef-99ce-0af7a01f52e9";1;"{""state"":""tx"",""county"":{""name"":""denton"",""value"":26730},""details"":[{""name"":""Court Type"",""text"":""All County Courts"",""value"":""9""},{""name"":""Case Type"",""text"":""JP And County Courts"",""value"":""0""}],""start"":1696118400000,""end"":1696636800000}";"2024-05-06 14:02:58"
"5b214591-6b86-11ef-99ce-0af7a01f52e9";"5b20cdf7-6b86-11ef-99ce-0af7a01f52e9";1;"{""state"":""tx"",""county"":{""name"":""denton"",""value"":26730},""details"":[{""name"":""Court Type"",""text"":""All County Courts"",""value"":""9""},{""name"":""Case Type"",""text"":""JP And County Courts"",""value"":""0""}],""start"":1696118400000,""end"":1696636800000}";"2024-09-05 12:57:07"
"5be18638-6b86-11ef-99ce-0af7a01f52e9";"5be0d1c7-6b86-11ef-99ce-0af7a01f52e9";1;"{""state"":""tx"",""county"":{""name"":""harris"",""value"":27130},""details"":[{""name"":""Search Type"",""text"":""All Civil Courts"",""value"":""0""}],""start"":1696118400000,""end"":1696636800000}";"2024-09-05 12:57:08"
"5c70ea64-6b86-11ef-99ce-0af7a01f52e9";"5c7062bf-6b86-11ef-99ce-0af7a01f52e9";1;"{""state"":""tx"",""county"":{""name"":""collin"",""value"":26550},""details"":[{""name"":""Search Type"",""text"":""criminal case records"",""value"":""0""}],""start"":1724331425240,""end"":1724417825240}";"2024-09-05 12:57:09"
"5e5806d7-0c09-11ef-99ce-0af7a01f52e9";"5e578c96-0c09-11ef-99ce-0af7a01f52e9";1;"{""state"":""tx"",""county"":{""name"":""denton"",""value"":26730},""details"":[{""name"":""Court Type"",""text"":""All County Courts"",""value"":""9""},{""name"":""Case Type"",""text"":""JP And County Courts"",""value"":""0""}],""start"":1696118400000,""end"":1696636800000}";"2024-05-07 00:33:04"
"5e791958-220a-11ef-99ce-0af7a01f52e9";"5e78a431-220a-11ef-99ce-0af7a01f52e9";1;"{""state"":""tx"",""county"":{""name"":""denton"",""value"":26730},""details"":[{""name"":""Court Type"",""text"":""All County Courts"",""value"":""9""},{""name"":""Case Type"",""text"":""JP And County Courts"",""value"":""0""}],""start"":1696118400000,""end"":1696636800000}";"2024-06-04 00:35:40"
"5f7d98ba-0bb2-11ef-99ce-0af7a01f52e9";"5f7cb74e-0bb2-11ef-99ce-0af7a01f52e9";1;"{""state"":""tx"",""county"":{""name"":""denton"",""value"":26730},""details"":[{""name"":""Court Type"",""text"":""All County Courts"",""value"":""9""},{""name"":""Case Type"",""text"":""JP And County Courts"",""value"":""0""}],""start"":1696118400000,""end"":1696636800000}";"2024-05-06 14:10:20"
"60403e8e-25de-11ef-99ce-0af7a01f52e9";"603fc859-25de-11ef-99ce-0af7a01f52e9";1;"{""state"":""tx"",""county"":{""name"":""denton"",""value"":26730},""details"":[{""name"":""Court Type"",""text"":""All County Courts"",""value"":""9""},{""name"":""Case Type"",""text"":""JP And County Courts"",""value"":""0""}],""start"":1696118400000,""end"":1696636800000}";"2024-06-08 21:30:49"
"60947768-7abe-11ef-99ce-0af7a01f52e9";"6093c072-7abe-11ef-99ce-0af7a01f52e9";1;"{""state"":""tx"",""county"":{""name"":""tarrant"",""value"":28330},""details"":[{""name"":""Search Type"",""text"":""All CCL Courts"",""value"":""2""}],""start"":1726444800000,""end"":1726790400000}";"2024-09-24 21:45:55"
"625567f4-4601-11ef-99ce-0af7a01f52e9";"6254b161-4601-11ef-99ce-0af7a01f52e9";1;"{""state"":""tx"",""county"":{""name"":""collin"",""value"":26550},""details"":[{""name"":""Search Type"",""text"":""Civil And Family Case Records"",""value"":""3""}],""start"":1721088000000,""end"":1721088000000}";"2024-07-19 19:02:03"
"639f5247-0bac-11ef-99ce-0af7a01f52e9";"639ec343-0bac-11ef-99ce-0af7a01f52e9";1;"{""state"":""tx"",""county"":{""name"":""denton"",""value"":26730},""details"":[{""name"":""Court Type"",""text"":""All County Courts"",""value"":""9""},{""name"":""Case Type"",""text"":""JP And County Courts"",""value"":""0""}],""start"":1696118400000,""end"":1696636800000}";"2024-05-06 13:27:30"
"645c4182-0bba-11ef-99ce-0af7a01f52e9";"645b8a82-0bba-11ef-99ce-0af7a01f52e9";1;"{""state"":""tx"",""county"":{""name"":""denton"",""value"":26730},""details"":[{""name"":""Court Type"",""text"":""All County Courts"",""value"":""9""},{""name"":""Case Type"",""text"":""JP And County Courts"",""value"":""0""}],""start"":1696118400000,""end"":1696636800000}";"2024-05-06 15:07:44"
"65e65796-2854-11ef-99ce-0af7a01f52e9";"65e5e892-2854-11ef-99ce-0af7a01f52e9";1;"{""state"":""tx"",""county"":{""name"":""denton"",""value"":26730},""details"":[{""name"":""Court Type"",""text"":""All County Courts"",""value"":""9""},{""name"":""Case Type"",""text"":""JP And County Courts"",""value"":""0""}],""start"":1696118400000,""end"":1696636800000}";"2024-06-12 00:40:42"
"662ad8f8-72f7-11ef-99ce-0af7a01f52e9";"662a1b38-72f7-11ef-99ce-0af7a01f52e9";1;"{""state"":""tx"",""county"":{""name"":""harris-jp"",""value"":32190},""details"":[{""name"":""Court Selection"",""text"":""All JP Courts"",""value"":""0""}],""start"":1725840000000,""end"":1726185600000}";"2024-09-15 00:13:56"
"69da23be-c2f7-11ee-be26-0af7a01f52e9";"69d984ba-c2f7-11ee-be26-0af7a01f52e9";1;"{""state"":""tx"",""county"":{""name"":""denton"",""value"":26730},""details"":[{""name"":""Court Type"",""text"":""All County Courts"",""value"":""9""},{""name"":""Case Type"",""text"":""JP And County Courts"",""value"":""0""}],""start"":1696118400000,""end"":1696636800000}";"2024-02-04 00:50:38"
"6a285cb3-6b00-11ef-99ce-0af7a01f52e9";"6a27e4cc-6b00-11ef-99ce-0af7a01f52e9";1;"{""state"":""tx"",""county"":{""name"":""denton"",""value"":26730},""details"":[{""name"":""Court Type"",""text"":""All County Courts"",""value"":""9""},{""name"":""Case Type"",""text"":""JP And County Courts"",""value"":""0""}],""start"":1696118400000,""end"":1696636800000}";"2024-09-04 20:58:19"
"6c09bb35-6b00-11ef-99ce-0af7a01f52e9";"6c08cab5-6b00-11ef-99ce-0af7a01f52e9";1;"{""state"":""tx"",""county"":{""name"":""harris"",""value"":27130},""details"":[{""name"":""Search Type"",""text"":""All Civil Courts"",""value"":""0""}],""start"":1696118400000,""end"":1696636800000}";"2024-09-04 20:58:22"
"6ce57300-71d4-11ef-99ce-0af7a01f52e9";"6ce4bd1b-71d4-11ef-99ce-0af7a01f52e9";1;"{""state"":""tx"",""county"":{""name"":""harris-jp"",""value"":32190},""details"":[{""name"":""Court Selection"",""text"":""All JP Courts"",""value"":""0""}],""start"":1725975054704,""end"":1726061454704}";"2024-09-13 13:31:04"
"6d22c1b7-1b80-11ef-99ce-0af7a01f52e9";"6d225aac-1b80-11ef-99ce-0af7a01f52e9";1;"{""state"":""tx"",""county"":{""name"":""denton"",""value"":26730},""details"":[{""name"":""Court Type"",""text"":""All County Courts"",""value"":""9""},{""name"":""Case Type"",""text"":""JP And County Courts"",""value"":""0""}],""start"":1696118400000,""end"":1696636800000}";"2024-05-26 16:53:07"
"6de8a382-6b00-11ef-99ce-0af7a01f52e9";"6de826ae-6b00-11ef-99ce-0af7a01f52e9";1;"{""state"":""tx"",""county"":{""name"":""denton"",""value"":26730},""details"":[{""name"":""Court Type"",""text"":""All County Courts"",""value"":""9""},{""name"":""Case Type"",""text"":""JP And County Courts"",""value"":""0""}],""start"":1724619500406,""end"":1724705900404}";"2024-09-04 20:58:25"
"6fd16091-6b00-11ef-99ce-0af7a01f52e9";"6fd0c929-6b00-11ef-99ce-0af7a01f52e9";1;"{""state"":""tx"",""county"":{""name"":""collin"",""value"":26550},""details"":[{""name"":""Search Type"",""text"":""criminal case records"",""value"":""0""}],""start"":1725224303601,""end"":1725310703601}";"2024-09-04 20:58:29"
"718109e7-5573-11ef-99ce-0af7a01f52e9";"7180a103-5573-11ef-99ce-0af7a01f52e9";1;"{""state"":""tx"",""county"":{""name"":""tarrant"",""value"":28330},""details"":[{""name"":""Search Type"",""text"":""All CCL Courts"",""value"":""2""}],""start"":1722470400000,""end"":1722556800000}";"2024-08-08 10:46:18"
"76597af8-2353-11ef-99ce-0af7a01f52e9";"76591045-2353-11ef-99ce-0af7a01f52e9";1;"{""state"":""tx"",""county"":{""name"":""collin"",""value"":26550},""details"":[{""name"":""Search Type"",""text"":""Criminal Case Records"",""value"":""0""}],""start"":1717459200000,""end"":1717459200000}";"2024-06-05 15:51:24"
"76b564d1-5eff-11ef-99ce-0af7a01f52e9";"76b4e1cd-5eff-11ef-99ce-0af7a01f52e9";1;"{""state"":""tx"",""county"":{""name"":""denton"",""value"":26730},""details"":[{""name"":""Court Type"",""text"":""All County Courts"",""value"":""9""},{""name"":""Case Type"",""text"":""JP And County Courts"",""value"":""0""}],""start"":1696118400000,""end"":1696636800000}";"2024-08-20 14:21:17"
"789edfab-5eff-11ef-99ce-0af7a01f52e9";"789e7028-5eff-11ef-99ce-0af7a01f52e9";1;"{""state"":""tx"",""county"":{""name"":""harris"",""value"":27130},""details"":[{""name"":""Search Type"",""text"":""All Civil Courts"",""value"":""0""}],""start"":1696118400000,""end"":1696636800000}";"2024-08-20 14:21:20"
"79a89617-2d0c-11ef-99ce-0af7a01f52e9";"79a81704-2d0c-11ef-99ce-0af7a01f52e9";1;"{""state"":""tx"",""county"":{""name"":""denton"",""value"":26730},""details"":[{""name"":""Court Type"",""text"":""All County Courts"",""value"":""9""},{""name"":""Case Type"",""text"":""JP And County Courts"",""value"":""0""}],""start"":1696118400000,""end"":1696636800000}";"2024-06-18 00:48:27"
"7a6ef7db-5eff-11ef-99ce-0af7a01f52e9";"7a6e6961-5eff-11ef-99ce-0af7a01f52e9";1;"{""state"":""tx"",""county"":{""name"":""denton"",""value"":26730},""details"":[{""name"":""Court Type"",""text"":""All County Courts"",""value"":""9""},{""name"":""Case Type"",""text"":""JP And County Courts"",""value"":""0""}],""start"":1723558881381,""end"":1723645281376}";"2024-08-20 14:21:23"
"7ac63039-40b2-11ef-99ce-0af7a01f52e9";"7ac5a7c9-40b2-11ef-99ce-0af7a01f52e9";1;"{""state"":""tx"",""county"":{""name"":""denton"",""value"":26730},""details"":[{""name"":""Court Type"",""text"":""All County Courts"",""value"":""9""},{""name"":""Case Type"",""text"":""JP And County Courts"",""value"":""0""}],""start"":1696118400000,""end"":1696636800000}";"2024-07-13 00:54:37"
"7b10a061-40b2-11ef-99ce-0af7a01f52e9";"7b10201a-40b2-11ef-99ce-0af7a01f52e9";1;"{""state"":""tx"",""county"":{""name"":""harris"",""value"":27130},""details"":[{""name"":""Search Type"",""text"":""All Civil Courts"",""value"":""0""}],""start"":1696118400000,""end"":1696636800000}";"2024-07-13 00:54:38"
"7c4c21dc-5eff-11ef-99ce-0af7a01f52e9";"7c4ba16c-5eff-11ef-99ce-0af7a01f52e9";1;"{""state"":""tx"",""county"":{""name"":""collin"",""value"":26550},""details"":[{""name"":""Search Type"",""text"":""criminal case records"",""value"":""0""}],""start"":1723818084534,""end"":1723904484534}";"2024-08-20 14:21:26"
"7ecd705e-3c01-11ef-99ce-0af7a01f52e9";"7ecd00f3-3c01-11ef-99ce-0af7a01f52e9";1;"{""state"":""tx"",""county"":{""name"":""denton"",""value"":26730},""details"":[{""name"":""Court Type"",""text"":""All County Courts"",""value"":""9""},{""name"":""Case Type"",""text"":""JP And County Courts"",""value"":""0""}],""start"":1696118400000,""end"":1696636800000}";"2024-07-07 01:37:39"
"824ca472-228d-11ef-99ce-0af7a01f52e9";"824c2640-228d-11ef-99ce-0af7a01f52e9";1;"{""state"":""tx"",""county"":{""name"":""denton"",""value"":26730},""details"":[{""name"":""Court Type"",""text"":""All County Courts"",""value"":""9""},{""name"":""Case Type"",""text"":""JP And County Courts"",""value"":""0""}],""start"":1696118400000,""end"":1696636800000}";"2024-06-04 16:14:24"
"82777d5b-1f89-11ef-99ce-0af7a01f52e9";"8276fe5c-1f89-11ef-99ce-0af7a01f52e9";1;"{""state"":""tx"",""county"":{""name"":""denton"",""value"":26730},""details"":[{""name"":""Court Type"",""text"":""All County Courts"",""value"":""9""},{""name"":""Case Type"",""text"":""JP And County Courts"",""value"":""0""}],""start"":1696118400000,""end"":1696636800000}";"2024-05-31 20:08:13"
"83da4466-0dab-11ef-99ce-0af7a01f52e9";"83d99ecd-0dab-11ef-99ce-0af7a01f52e9";1;"{""state"":""tx"",""county"":{""name"":""denton"",""value"":26730},""details"":[{""name"":""Court Type"",""text"":""All County Courts"",""value"":""9""},{""name"":""Case Type"",""text"":""JP And County Courts"",""value"":""0""}],""start"":1696118400000,""end"":1696636800000}";"2024-05-09 02:26:17"
"844685c0-2e8e-11ef-99ce-0af7a01f52e9";"84460a7a-2e8e-11ef-99ce-0af7a01f52e9";1;"{""state"":""tx"",""county"":{""name"":""tarrant"",""value"":28330},""details"":[{""name"":""Search Type"",""text"":""All CCL Courts"",""value"":""2""}],""start"":1718582400000,""end"":1718668800000}";"2024-06-19 22:51:51"
"8652e02a-3c02-11ef-99ce-0af7a01f52e9";"865268fc-3c02-11ef-99ce-0af7a01f52e9";1;"{""state"":""tx"",""county"":{""name"":""denton"",""value"":26730},""details"":[{""name"":""Court Type"",""text"":""All County Courts"",""value"":""9""},{""name"":""Case Type"",""text"":""JP And County Courts"",""value"":""0""}],""start"":1696118400000,""end"":1696636800000}";"2024-07-07 01:45:01"
"875cd0ad-0c0a-11ef-99ce-0af7a01f52e9";"875c5dd0-0c0a-11ef-99ce-0af7a01f52e9";1;"{""state"":""tx"",""county"":{""name"":""denton"",""value"":26730},""details"":[{""name"":""Court Type"",""text"":""All County Courts"",""value"":""9""},{""name"":""Case Type"",""text"":""JP And County Courts"",""value"":""0""}],""start"":1696118400000,""end"":1696636800000}";"2024-05-07 00:41:23"
"88725ea1-0bac-11ef-99ce-0af7a01f52e9";"8871ef41-0bac-11ef-99ce-0af7a01f52e9";1;"{""state"":""tx"",""county"":{""name"":""denton"",""value"":26730},""details"":[{""name"":""Court Type"",""text"":""All County Courts"",""value"":""9""},{""name"":""Case Type"",""text"":""JP And County Courts"",""value"":""0""}],""start"":1696118400000,""end"":1696636800000}";"2024-05-06 13:28:32"
"897d9f21-46b2-11ef-99ce-0af7a01f52e9";"897d15f0-46b2-11ef-99ce-0af7a01f52e9";1;"{""state"":""tx"",""county"":{""name"":""denton"",""value"":26730},""details"":[{""name"":""Court Selection"",""text"":""All County Courts"",""value"":""9""},{""name"":""Case Type"",""text"":""JP And County Court: Civil, Family And Probate"",""value"":""0""}],""start"":1720396800000,""end"":1720483200000}";"2024-07-20 16:10:09"
"8adee0a0-0cbc-11ef-99ce-0af7a01f52e9";"8ade755e-0cbc-11ef-99ce-0af7a01f52e9";1;"{""state"":""tx"",""county"":{""name"":""denton"",""value"":26730},""details"":[{""name"":""Court Type"",""text"":""All County Courts"",""value"":""9""},{""name"":""Case Type"",""text"":""JP And County Courts"",""value"":""0""}],""start"":1696118400000,""end"":1696636800000}";"2024-05-07 21:55:39"
"8ce99ae1-5775-11ef-99ce-0af7a01f52e9";"8ce92782-5775-11ef-99ce-0af7a01f52e9";1;"{""state"":""tx"",""county"":{""name"":""denton"",""value"":26730},""details"":[{""name"":""Court Selection"",""text"":""All County Courts"",""value"":""9""},{""name"":""Case Type"",""text"":""JP And County Court: Civil, Family And Probate"",""value"":""0""}],""start"":1722816000000,""end"":1722988800000}";"2024-08-11 00:06:25"
"8dcbf461-0bb1-11ef-99ce-0af7a01f52e9";"8dcb88b7-0bb1-11ef-99ce-0af7a01f52e9";1;"{""state"":""tx"",""county"":{""name"":""denton"",""value"":26730},""details"":[{""name"":""Court Type"",""text"":""All County Courts"",""value"":""9""},{""name"":""Case Type"",""text"":""JP And County Courts"",""value"":""0""}],""start"":1696118400000,""end"":1696636800000}";"2024-05-06 14:04:28"
"8e4f698e-2291-11ef-99ce-0af7a01f52e9";"8e4eef3c-2291-11ef-99ce-0af7a01f52e9";1;"{""state"":""tx"",""county"":{""name"":""denton"",""value"":26730},""details"":[{""name"":""Court Type"",""text"":""All County Courts"",""value"":""9""},{""name"":""Case Type"",""text"":""JP And County Courts"",""value"":""0""}],""start"":1696118400000,""end"":1696636800000}";"2024-06-04 16:43:22"
"8f320c03-bf75-11ee-be26-0af7a01f52e9";"8f316534-bf75-11ee-be26-0af7a01f52e9";1;"{""state"":""tx"",""county"":{""name"":""denton"",""value"":26730},""details"":[{""name"":""Court Type"",""text"":""All County Courts"",""value"":""9""},{""name"":""Case Type"",""text"":""JP And County Courts"",""value"":""0""}],""start"":1696118400000,""end"":1696636800000}";"2024-01-30 13:43:32"
"902b2c42-bf12-11ee-be26-0af7a01f52e9";"902a4fed-bf12-11ee-be26-0af7a01f52e9";1;"{""state"":""tx"",""county"":{""name"":""denton"",""value"":26730},""details"":[{""name"":""Court Type"",""text"":""All County Courts"",""value"":""9""},{""name"":""Case Type"",""text"":""JP And County Courts"",""value"":""0""}],""start"":1696118400000,""end"":1696636800000}";"2024-01-30 01:54:54"
"912db498-3c04-11ef-99ce-0af7a01f52e9";"912d38ca-3c04-11ef-99ce-0af7a01f52e9";1;"{""state"":""tx"",""county"":{""name"":""harris"",""value"":27130},""details"":[{""name"":""Search Type"",""text"":""All Civil Courts"",""value"":""0""}],""start"":1696118400000,""end"":1696636800000}";"2024-07-07 01:59:38"
"94238582-493c-11ef-99ce-0af7a01f52e9";"9422f98d-493c-11ef-99ce-0af7a01f52e9";1;"{""state"":""tx"",""county"":{""name"":""collin"",""value"":26550},""details"":[{""name"":""Search Type"",""text"":""criminal case records"",""value"":""0""}],""start"":1721079793785,""end"":1721166193785}";"2024-07-23 21:43:20"
"94b461e9-0dbb-11ef-99ce-0af7a01f52e9";"94b3f407-0dbb-11ef-99ce-0af7a01f52e9";1;"{""state"":""tx"",""county"":{""name"":""denton"",""value"":26730},""details"":[{""name"":""Court Type"",""text"":""All County Courts"",""value"":""9""},{""name"":""Case Type"",""text"":""JP And County Courts"",""value"":""0""}],""start"":1696118400000,""end"":1696636800000}";"2024-05-09 04:21:17"
"94f50dcc-5b50-11ef-99ce-0af7a01f52e9";"94f43cec-5b50-11ef-99ce-0af7a01f52e9";1;"{""state"":""tx"",""county"":{""name"":""denton"",""value"":26730},""details"":[{""name"":""Court Selection"",""text"":""All County Courts"",""value"":""9""},{""name"":""Case Type"",""text"":""JP And County Court: Civil, Family And Probate"",""value"":""0""}],""start"":1723420800000,""end"":1723507200000}";"2024-08-15 21:51:52"
"95777f96-2292-11ef-99ce-0af7a01f52e9";"9576ff24-2292-11ef-99ce-0af7a01f52e9";1;"{""state"":""tx"",""county"":{""name"":""denton"",""value"":26730},""details"":[{""name"":""Court Type"",""text"":""All County Courts"",""value"":""9""},{""name"":""Case Type"",""text"":""JP And County Courts"",""value"":""0""}],""start"":1696118400000,""end"":1696636800000}";"2024-06-04 16:50:43"
"968ccb47-235a-11ef-99ce-0af7a01f52e9";"968c59a0-235a-11ef-99ce-0af7a01f52e9";1;"{""state"":""tx"",""county"":{""name"":""tarrant"",""value"":28330},""details"":[{""name"":""Search Type"",""text"":""All JP Courts"",""value"":""1""}],""start"":1717372800000,""end"":1717459200000}";"2024-06-05 16:42:25"
"98765595-2d11-11ef-99ce-0af7a01f52e9";"9875e9b7-2d11-11ef-99ce-0af7a01f52e9";1;"{""state"":""tx"",""county"":{""name"":""denton"",""value"":26730},""details"":[{""name"":""Court Type"",""text"":""All County Courts"",""value"":""9""},{""name"":""Case Type"",""text"":""JP And County Courts"",""value"":""0""}],""start"":1696118400000,""end"":1696636800000}";"2024-06-18 01:25:06"
"998ad8e9-a484-11ef-99ce-0af7a01f52e9";"998a5e73-a484-11ef-99ce-0af7a01f52e9";1;"{""state"":""tx"",""county"":{""name"":""denton"",""value"":26730},""details"":[{""name"":""Court Type"",""text"":""All County Courts"",""value"":""9""},{""name"":""Case Type"",""text"":""JP And County Courts"",""value"":""0""}],""start"":1696118400000,""end"":1696636800000}";"2024-11-17 01:38:09"
"99fa7c1f-cc11-11ee-be26-0af7a01f52e9";"99f9d191-cc11-11ee-be26-0af7a01f52e9";1;"{""state"":""tx"",""county"":{""name"":""tarrant"",""value"":28330},""details"":[{""name"":""Search Type"",""text"":""All CCL Courts"",""value"":""2""}],""start"":1707696000000,""end"":1707782400000}";"2024-02-15 14:50:46"
"9ab09cd7-71d5-11ef-99ce-0af7a01f52e9";"9ab014db-71d5-11ef-99ce-0af7a01f52e9";1;"{""state"":""tx"",""county"":{""name"":""harris-jp"",""value"":32190},""details"":[{""name"":""Court Selection"",""text"":""All JP Courts"",""value"":""0""}],""start"":1725840000000,""end"":1726185600000}";"2024-09-13 13:39:30"
"9b5992d8-a484-11ef-99ce-0af7a01f52e9";"9b58c86b-a484-11ef-99ce-0af7a01f52e9";1;"{""state"":""tx"",""county"":{""name"":""harris"",""value"":27130},""details"":[{""name"":""Search Type"",""text"":""All Civil Courts"",""value"":""0""}],""start"":1696118400000,""end"":1696636800000}";"2024-11-17 01:38:12"
"9c4c517c-25da-11ef-99ce-0af7a01f52e9";"9c4be06f-25da-11ef-99ce-0af7a01f52e9";1;"{""state"":""tx"",""county"":{""name"":""denton"",""value"":26730},""details"":[{""name"":""Court Type"",""text"":""All County Courts"",""value"":""9""},{""name"":""Case Type"",""text"":""JP And County Courts"",""value"":""0""}],""start"":1696118400000,""end"":1696636800000}";"2024-06-08 21:03:52"
"9c7a774b-1f92-11ef-99ce-0af7a01f52e9";"9c79fbe8-1f92-11ef-99ce-0af7a01f52e9";1;"{""state"":""tx"",""county"":{""name"":""denton"",""value"":26730},""details"":[{""name"":""Court Type"",""text"":""All County Courts"",""value"":""9""},{""name"":""Case Type"",""text"":""JP And County Courts"",""value"":""0""}],""start"":1696118400000,""end"":1696636800000}";"2024-05-31 21:13:22"
"9d358a53-a484-11ef-99ce-0af7a01f52e9";"9d34e8c5-a484-11ef-99ce-0af7a01f52e9";1;"{""state"":""tx"",""county"":{""name"":""harris-jp"",""value"":32190},""details"":[{""name"":""Court Selection"",""text"":""All JP Courts"",""value"":""0""}],""start"":1731289091568,""end"":1731375491568}";"2024-11-17 01:38:15"
"9da87e1d-faa2-11ee-b616-0af7a01f52e9";"9da7e929-faa2-11ee-b616-0af7a01f52e9";1;"{""state"":""tx"",""county"":{""name"":""denton"",""value"":26730},""details"":[{""name"":""Court Type"",""text"":""All County Courts"",""value"":""9""},{""name"":""Case Type"",""text"":""JP And County Courts"",""value"":""0""}],""start"":1696118400000,""end"":1696636800000}";"2024-04-14 21:04:43"
"9e1cffec-0b1a-11ef-99ce-0af7a01f52e9";"9e1c2d73-0b1a-11ef-99ce-0af7a01f52e9";1;"{""state"":""tx"",""county"":{""name"":""denton"",""value"":26730},""details"":[{""name"":""Court Type"",""text"":""All County Courts"",""value"":""9""},{""name"":""Case Type"",""text"":""JP And County Courts"",""value"":""0""}],""start"":1696118400000,""end"":1696636800000}";"2024-05-05 20:04:02"
"9e685601-493b-11ef-99ce-0af7a01f52e9";"9e6584b2-493b-11ef-99ce-0af7a01f52e9";1;"{""state"":""tx"",""county"":{""name"":""collin"",""value"":26550},""details"":[{""name"":""Search Type"",""text"":""criminal case records"",""value"":""0""}],""start"":1721511381514,""end"":1721597781514}";"2024-07-23 21:36:28"
"9f20cbe0-a484-11ef-99ce-0af7a01f52e9";"9f203a68-a484-11ef-99ce-0af7a01f52e9";1;"{""state"":""tx"",""county"":{""name"":""denton"",""value"":26730},""details"":[{""name"":""Court Type"",""text"":""All County Courts"",""value"":""9""},{""name"":""Case Type"",""text"":""JP And County Courts"",""value"":""0""}],""start"":1731202694804,""end"":1731289094804}";"2024-11-17 01:38:18"
"a05e33e1-0c0c-11ef-99ce-0af7a01f52e9";"a05da86d-0c0c-11ef-99ce-0af7a01f52e9";1;"{""state"":""tx"",""county"":{""name"":""denton"",""value"":26730},""details"":[{""name"":""Court Type"",""text"":""All County Courts"",""value"":""9""},{""name"":""Case Type"",""text"":""JP And County Courts"",""value"":""0""}],""start"":1696118400000,""end"":1696636800000}";"2024-05-07 00:56:24"
"a0da117f-4a9d-11ef-99ce-0af7a01f52e9";"a0d98aa2-4a9d-11ef-99ce-0af7a01f52e9";1;"{""state"":""tx"",""county"":{""name"":""harris"",""value"":27130},""details"":[{""name"":""Search Type"",""text"":""All Civil Courts"",""value"":""0""}],""start"":1721606400000,""end"":1721692800000}";"2024-07-25 15:50:34"
"a0faff8e-a484-11ef-99ce-0af7a01f52e9";"a0fa7c6a-a484-11ef-99ce-0af7a01f52e9";1;"{""state"":""tx"",""county"":{""name"":""collin"",""value"":26550},""details"":[{""name"":""Search Type"",""text"":""criminal case records"",""value"":""0""}],""start"":1730507897893,""end"":1730594297893}";"2024-11-17 01:38:21"
"a1377939-0bb7-11ef-99ce-0af7a01f52e9";"a136fe68-0bb7-11ef-99ce-0af7a01f52e9";1;"{""state"":""tx"",""county"":{""name"":""denton"",""value"":26730},""details"":[{""name"":""Court Type"",""text"":""All County Courts"",""value"":""9""},{""name"":""Case Type"",""text"":""JP And County Courts"",""value"":""0""}],""start"":1696118400000,""end"":1696636800000}";"2024-05-06 14:47:58"
"a3d1308c-c38b-11ee-be26-0af7a01f52e9";"a3d05e8c-c38b-11ee-be26-0af7a01f52e9";1;"{""state"":""tx"",""county"":{""name"":""denton"",""value"":26730},""details"":[{""name"":""Court Type"",""text"":""All County Courts"",""value"":""9""},{""name"":""Case Type"",""text"":""JP And County Courts"",""value"":""0""}],""start"":1696118400000,""end"":1696636800000}";"2024-02-04 18:31:41"
"a686fc49-6b87-11ef-99ce-0af7a01f52e9";"a68542b3-6b87-11ef-99ce-0af7a01f52e9";1;"{""state"":""tx"",""county"":{""name"":""denton"",""value"":26730},""details"":[{""name"":""Court Type"",""text"":""All County Courts"",""value"":""9""},{""name"":""Case Type"",""text"":""JP And County Courts"",""value"":""0""}],""start"":1696118400000,""end"":1696636800000}";"2024-09-05 13:06:23"
"a6ac1743-2d11-11ef-99ce-0af7a01f52e9";"a6abb0d9-2d11-11ef-99ce-0af7a01f52e9";1;"{""state"":""tx"",""county"":{""name"":""denton"",""value"":26730},""details"":[{""name"":""Court Type"",""text"":""All County Courts"",""value"":""9""},{""name"":""Case Type"",""text"":""JP And County Courts"",""value"":""0""}],""start"":1696118400000,""end"":1696636800000}";"2024-06-18 01:25:30"
"a70ee656-0bc1-11ef-99ce-0af7a01f52e9";"a70e56d9-0bc1-11ef-99ce-0af7a01f52e9";1;"{""state"":""tx"",""county"":{""name"":""denton"",""value"":26730},""details"":[{""name"":""Court Type"",""text"":""All County Courts"",""value"":""9""},{""name"":""Case Type"",""text"":""JP And County Courts"",""value"":""0""}],""start"":1696118400000,""end"":1696636800000}";"2024-05-06 15:59:43"
"a86e83f9-6b87-11ef-99ce-0af7a01f52e9";"a86dffbc-6b87-11ef-99ce-0af7a01f52e9";1;"{""state"":""tx"",""county"":{""name"":""harris"",""value"":27130},""details"":[{""name"":""Search Type"",""text"":""All Civil Courts"",""value"":""0""}],""start"":1696118400000,""end"":1696636800000}";"2024-09-05 13:06:26"
"aa995b4b-6b87-11ef-99ce-0af7a01f52e9";"aa98d33b-6b87-11ef-99ce-0af7a01f52e9";1;"{""state"":""tx"",""county"":{""name"":""denton"",""value"":26730},""details"":[{""name"":""Court Type"",""text"":""All County Courts"",""value"":""9""},{""name"":""Case Type"",""text"":""JP And County Courts"",""value"":""0""}],""start"":1724504785433,""end"":1724591185433}";"2024-09-05 13:06:29"
"ab537610-2294-11ef-99ce-0af7a01f52e9";"ab530120-2294-11ef-99ce-0af7a01f52e9";1;"{""state"":""tx"",""county"":{""name"":""denton"",""value"":26730},""details"":[{""name"":""Court Type"",""text"":""All County Courts"",""value"":""9""},{""name"":""Case Type"",""text"":""JP And County Courts"",""value"":""0""}],""start"":1696118400000,""end"":1696636800000}";"2024-06-04 17:05:39"
"abd7f372-5fc7-11ef-99ce-0af7a01f52e9";"abd7731a-5fc7-11ef-99ce-0af7a01f52e9";1;"{""state"":""tx"",""county"":{""name"":""denton"",""value"":26730},""details"":[{""name"":""Court Type"",""text"":""All County Courts"",""value"":""9""},{""name"":""Case Type"",""text"":""JP And County Courts"",""value"":""0""}],""start"":1696118400000,""end"":1696636800000}";"2024-08-21 14:14:25"
"ac080b92-0bd0-11ef-99ce-0af7a01f52e9";"ac078f79-0bd0-11ef-99ce-0af7a01f52e9";1;"{""state"":""tx"",""county"":{""name"":""denton"",""value"":26730},""details"":[{""name"":""Court Type"",""text"":""All County Courts"",""value"":""9""},{""name"":""Case Type"",""text"":""JP And County Courts"",""value"":""0""}],""start"":1696118400000,""end"":1696636800000}";"2024-05-06 17:47:13"
"ac715261-6b87-11ef-99ce-0af7a01f52e9";"ac709661-6b87-11ef-99ce-0af7a01f52e9";1;"{""state"":""tx"",""county"":{""name"":""collin"",""value"":26550},""details"":[{""name"":""Search Type"",""text"":""criminal case records"",""value"":""0""}],""start"":1724331988499,""end"":1724418388499}";"2024-09-05 13:06:32"
"ad03a810-c236-11ee-be26-0af7a01f52e9";"ad03038e-c236-11ee-be26-0af7a01f52e9";1;"{""state"":""tx"",""county"":{""name"":""denton"",""value"":26730},""details"":[{""name"":""Court Type"",""text"":""All County Courts"",""value"":""9""},{""name"":""Case Type"",""text"":""JP And County Courts"",""value"":""0""}],""start"":1696118400000,""end"":1696636800000}";"2024-02-03 01:50:58"
"adb5f67c-5fc7-11ef-99ce-0af7a01f52e9";"adb579b5-5fc7-11ef-99ce-0af7a01f52e9";1;"{""state"":""tx"",""county"":{""name"":""harris"",""value"":27130},""details"":[{""name"":""Search Type"",""text"":""All Civil Courts"",""value"":""0""}],""start"":1696118400000,""end"":1696636800000}";"2024-08-21 14:14:28"
"af7b7371-6bf4-11ef-99ce-0af7a01f52e9";"af7aa727-6bf4-11ef-99ce-0af7a01f52e9";1;"{""state"":""tx"",""county"":{""name"":""denton"",""value"":26730},""details"":[{""name"":""Court Type"",""text"":""All County Courts"",""value"":""9""},{""name"":""Case Type"",""text"":""JP And County Courts"",""value"":""0""}],""start"":1696118400000,""end"":1696636800000}";"2024-09-06 02:06:53"
"af9702b7-5fc7-11ef-99ce-0af7a01f52e9";"af967d6b-5fc7-11ef-99ce-0af7a01f52e9";1;"{""state"":""tx"",""county"":{""name"":""denton"",""value"":26730},""details"":[{""name"":""Court Type"",""text"":""All County Courts"",""value"":""9""},{""name"":""Case Type"",""text"":""JP And County Courts"",""value"":""0""}],""start"":1723558468903,""end"":1723644868902}";"2024-08-21 14:14:32"
"afc92f6c-0c09-11ef-99ce-0af7a01f52e9";"afc8c0b9-0c09-11ef-99ce-0af7a01f52e9";1;"{""state"":""tx"",""county"":{""name"":""denton"",""value"":26730},""details"":[{""name"":""Court Type"",""text"":""All County Courts"",""value"":""9""},{""name"":""Case Type"",""text"":""JP And County Courts"",""value"":""0""}],""start"":1696118400000,""end"":1696636800000}";"2024-05-07 00:35:21"
"b16912d4-6bf4-11ef-99ce-0af7a01f52e9";"b1688c94-6bf4-11ef-99ce-0af7a01f52e9";1;"{""state"":""tx"",""county"":{""name"":""harris"",""value"":27130},""details"":[{""name"":""Search Type"",""text"":""All Civil Courts"",""value"":""0""}],""start"":1696118400000,""end"":1696636800000}";"2024-09-06 02:06:56"
"b17b8b03-5fc7-11ef-99ce-0af7a01f52e9";"b17aef4a-5fc7-11ef-99ce-0af7a01f52e9";1;"{""state"":""tx"",""county"":{""name"":""collin"",""value"":26550},""details"":[{""name"":""Search Type"",""text"":""criminal case records"",""value"":""0""}],""start"":1723644872061,""end"":1723731272061}";"2024-08-21 14:14:35"
"b20ee259-3c74-11ef-99ce-0af7a01f52e9";"b20e6dfe-3c74-11ef-99ce-0af7a01f52e9";1;"{""state"":""tx"",""county"":{""name"":""denton"",""value"":26730},""details"":[{""name"":""Court Type"",""text"":""All County Courts"",""value"":""9""},{""name"":""Case Type"",""text"":""JP And County Courts"",""value"":""0""}],""start"":1696118400000,""end"":1696636800000}";"2024-07-07 15:22:17"
"b2b3f14e-12c9-11ef-99ce-0af7a01f52e9";"b2b37590-12c9-11ef-99ce-0af7a01f52e9";1;"{""state"":""tx"",""county"":{""name"":""denton"",""value"":26730},""details"":[{""name"":""Court Type"",""text"":""All County Courts"",""value"":""9""},{""name"":""Case Type"",""text"":""JP And County Courts"",""value"":""0""}],""start"":1696118400000,""end"":1696636800000}";"2024-05-15 14:44:56"
"b34e2da3-c2ba-11ee-be26-0af7a01f52e9";"b34d8a49-c2ba-11ee-be26-0af7a01f52e9";1;"{""state"":""tx"",""county"":{""name"":""denton"",""value"":26730},""details"":[{""name"":""Court Type"",""text"":""All County Courts"",""value"":""9""},{""name"":""Case Type"",""text"":""JP And County Courts"",""value"":""0""}],""start"":1696118400000,""end"":1696636800000}";"2024-02-03 17:36:02"
"b3d16dd5-6bf4-11ef-99ce-0af7a01f52e9";"b3d0ddab-6bf4-11ef-99ce-0af7a01f52e9";1;"{""state"":""tx"",""county"":{""name"":""denton"",""value"":26730},""details"":[{""name"":""Court Type"",""text"":""All County Courts"",""value"":""9""},{""name"":""Case Type"",""text"":""JP And County Courts"",""value"":""0""}],""start"":1724810814935,""end"":1724897214935}";"2024-09-06 02:07:00"
"b443192d-c2ba-11ee-be26-0af7a01f52e9";"b442777f-c2ba-11ee-be26-0af7a01f52e9";1;"{""state"":""tx"",""county"":{""name"":""denton"",""value"":26730},""details"":[{""name"":""Court Type"",""text"":""All County Courts"",""value"":""9""},{""name"":""Case Type"",""text"":""JP And County Courts"",""value"":""0""}],""start"":1696118400000,""end"":1696636800000}";"2024-02-03 17:36:03"
"b5ba5543-6bf4-11ef-99ce-0af7a01f52e9";"b5b9d3fa-6bf4-11ef-99ce-0af7a01f52e9";1;"{""state"":""tx"",""county"":{""name"":""collin"",""value"":26550},""details"":[{""name"":""Search Type"",""text"":""criminal case records"",""value"":""0""}],""start"":1724983618124,""end"":1725070018124}";"2024-09-06 02:07:03"
"ba24f886-0bb2-11ef-99ce-0af7a01f52e9";"ba247548-0bb2-11ef-99ce-0af7a01f52e9";1;"{""state"":""tx"",""county"":{""name"":""denton"",""value"":26730},""details"":[{""name"":""Court Type"",""text"":""All County Courts"",""value"":""9""},{""name"":""Case Type"",""text"":""JP And County Courts"",""value"":""0""}],""start"":1696118400000,""end"":1696636800000}";"2024-05-06 14:12:52"
"bac9359c-0bc1-11ef-99ce-0af7a01f52e9";"bac8ca1f-0bc1-11ef-99ce-0af7a01f52e9";1;"{""state"":""tx"",""county"":{""name"":""denton"",""value"":26730},""details"":[{""name"":""Court Type"",""text"":""All County Courts"",""value"":""9""},{""name"":""Case Type"",""text"":""JP And County Courts"",""value"":""0""}],""start"":1696118400000,""end"":1696636800000}";"2024-05-06 16:00:16"
"c07d82b4-363c-11ef-99ce-0af7a01f52e9";"c07d1957-363c-11ef-99ce-0af7a01f52e9";1;"{""state"":""tx"",""county"":{""name"":""denton"",""value"":26730},""details"":[{""name"":""Court Selection"",""text"":""All JP And County Courts"",""value"":""1""},{""name"":""Case Type"",""text"":""JP And County Court: Civil, Family And Probate"",""value"":""0""}],""start"":1719187200000,""end"":1719273600000}";"2024-06-29 17:26:42"
"c181790d-0baf-11ef-99ce-0af7a01f52e9";"c1810dab-0baf-11ef-99ce-0af7a01f52e9";1;"{""state"":""tx"",""county"":{""name"":""denton"",""value"":26730},""details"":[{""name"":""Court Type"",""text"":""All County Courts"",""value"":""9""},{""name"":""Case Type"",""text"":""JP And County Courts"",""value"":""0""}],""start"":1696118400000,""end"":1696636800000}";"2024-05-06 13:51:36"
"c219d35d-71d6-11ef-99ce-0af7a01f52e9";"c2194a6c-71d6-11ef-99ce-0af7a01f52e9";1;"{""state"":""tx"",""county"":{""name"":""harris-jp"",""value"":32190},""details"":[{""name"":""Court Selection"",""text"":""All JP Courts"",""value"":""0""}],""start"":1725235200000,""end"":1725580800000}";"2024-09-13 13:47:46"
"c527043f-0bad-11ef-99ce-0af7a01f52e9";"c5268844-0bad-11ef-99ce-0af7a01f52e9";1;"{""state"":""tx"",""county"":{""name"":""denton"",""value"":26730},""details"":[{""name"":""Court Type"",""text"":""All County Courts"",""value"":""9""},{""name"":""Case Type"",""text"":""JP And County Courts"",""value"":""0""}],""start"":1696118400000,""end"":1696636800000}";"2024-05-06 13:37:23"
"c615aa0f-2d11-11ef-99ce-0af7a01f52e9";"c61529a9-2d11-11ef-99ce-0af7a01f52e9";1;"{""state"":""tx"",""county"":{""name"":""denton"",""value"":26730},""details"":[{""name"":""Court Type"",""text"":""All County Courts"",""value"":""9""},{""name"":""Case Type"",""text"":""JP And County Courts"",""value"":""0""}],""start"":1718069179516,""end"":1718155579516}";"2024-06-18 01:26:23"
"c8110d0c-0bba-11ef-99ce-0af7a01f52e9";"c8105340-0bba-11ef-99ce-0af7a01f52e9";1;"{""state"":""tx"",""county"":{""name"":""denton"",""value"":26730},""details"":[{""name"":""Court Type"",""text"":""All County Courts"",""value"":""9""},{""name"":""Case Type"",""text"":""JP And County Courts"",""value"":""0""}],""start"":1696118400000,""end"":1696636800000}";"2024-05-06 15:10:32"
"c8b6e4df-1f84-11ef-99ce-0af7a01f52e9";"c8b65b40-1f84-11ef-99ce-0af7a01f52e9";1;"{""state"":""tx"",""county"":{""name"":""denton"",""value"":26730},""details"":[{""name"":""Court Type"",""text"":""All County Courts"",""value"":""9""},{""name"":""Case Type"",""text"":""JP And County Courts"",""value"":""0""}],""start"":1696118400000,""end"":1696636800000}";"2024-05-31 19:34:23"
"c8cc3ebe-0c08-11ef-99ce-0af7a01f52e9";"c8cbc8a7-0c08-11ef-99ce-0af7a01f52e9";1;"{""state"":""tx"",""county"":{""name"":""denton"",""value"":26730},""details"":[{""name"":""Court Type"",""text"":""All County Courts"",""value"":""9""},{""name"":""Case Type"",""text"":""JP And County Courts"",""value"":""0""}],""start"":1696118400000,""end"":1696636800000}";"2024-05-07 00:28:53"
"ca02cb5a-6b08-11ef-99ce-0af7a01f52e9";"ca025032-6b08-11ef-99ce-0af7a01f52e9";1;"{""state"":""tx"",""county"":{""name"":""denton"",""value"":26730},""details"":[{""name"":""Court Type"",""text"":""All County Courts"",""value"":""9""},{""name"":""Case Type"",""text"":""JP And County Courts"",""value"":""0""}],""start"":1696118400000,""end"":1696636800000}";"2024-09-04 21:58:16"
"cc068d13-6b08-11ef-99ce-0af7a01f52e9";"cc060b3c-6b08-11ef-99ce-0af7a01f52e9";1;"{""state"":""tx"",""county"":{""name"":""harris"",""value"":27130},""details"":[{""name"":""Search Type"",""text"":""All Civil Courts"",""value"":""0""}],""start"":1696118400000,""end"":1696636800000}";"2024-09-04 21:58:19"
"cdc73a69-6b08-11ef-99ce-0af7a01f52e9";"cdc6a9cc-6b08-11ef-99ce-0af7a01f52e9";1;"{""state"":""tx"",""county"":{""name"":""denton"",""value"":26730},""details"":[{""name"":""Court Type"",""text"":""All County Courts"",""value"":""9""},{""name"":""Case Type"",""text"":""JP And County Courts"",""value"":""0""}],""start"":1724709497068,""end"":1724795897066}";"2024-09-04 21:58:22"
"ce3f1ecf-2e76-11ef-99ce-0af7a01f52e9";"ce3e9e66-2e76-11ef-99ce-0af7a01f52e9";1;"{""state"":""tx"",""county"":{""name"":""denton"",""value"":26730},""details"":[{""name"":""Court Type"",""text"":""All County Courts"",""value"":""9""},{""name"":""Case Type"",""text"":""JP And County Courts"",""value"":""0""}],""start"":1696118400000,""end"":1696636800000}";"2024-06-19 20:02:07"
"cf92e54d-6b08-11ef-99ce-0af7a01f52e9";"cf925471-6b08-11ef-99ce-0af7a01f52e9";1;"{""state"":""tx"",""county"":{""name"":""collin"",""value"":26550},""details"":[{""name"":""Search Type"",""text"":""criminal case records"",""value"":""0""}],""start"":1725055100082,""end"":1725141500082}";"2024-09-04 21:58:25"
"d0f79107-1df0-11ef-99ce-0af7a01f52e9";"d0f71342-1df0-11ef-99ce-0af7a01f52e9";1;"{""state"":""tx"",""county"":{""name"":""denton"",""value"":26730},""details"":[{""name"":""Court Type"",""text"":""All County Courts"",""value"":""9""},{""name"":""Case Type"",""text"":""JP And County Courts"",""value"":""0""}],""start"":1696118400000,""end"":1696636800000}";"2024-05-29 19:22:40"
"d646d666-3c04-11ef-99ce-0af7a01f52e9";"d6465dcc-3c04-11ef-99ce-0af7a01f52e9";1;"{""state"":""tx"",""county"":{""name"":""denton"",""value"":26730},""details"":[{""name"":""Court Type"",""text"":""All County Courts"",""value"":""9""},{""name"":""Case Type"",""text"":""JP And County Courts"",""value"":""0""}],""start"":1696118400000,""end"":1696636800000}";"2024-07-07 02:01:34"
"d6d3c230-3c04-11ef-99ce-0af7a01f52e9";"d6d2f121-3c04-11ef-99ce-0af7a01f52e9";1;"{""state"":""tx"",""county"":{""name"":""denton"",""value"":26730},""details"":[{""name"":""Court Type"",""text"":""All County Courts"",""value"":""9""},{""name"":""Case Type"",""text"":""JP And County Courts"",""value"":""0""}],""start"":1719540093901,""end"":1719626493901}";"2024-07-07 02:01:35"
"d6e1099a-600b-11ef-99ce-0af7a01f52e9";"d6e0824c-600b-11ef-99ce-0af7a01f52e9";1;"{""state"":""tx"",""county"":{""name"":""denton"",""value"":26730},""details"":[{""name"":""Court Type"",""text"":""All County Courts"",""value"":""9""},{""name"":""Case Type"",""text"":""JP And County Courts"",""value"":""0""}],""start"":1696118400000,""end"":1696636800000}";"2024-08-21 22:22:23"
"d6e10a00-0b1a-11ef-99ce-0af7a01f52e9";"d6e0796d-0b1a-11ef-99ce-0af7a01f52e9";1;"{""state"":""tx"",""county"":{""name"":""denton"",""value"":26730},""details"":[{""name"":""Court Type"",""text"":""All County Courts"",""value"":""9""},{""name"":""Case Type"",""text"":""JP And County Courts"",""value"":""0""}],""start"":1696118400000,""end"":1696636800000}";"2024-05-05 20:05:37"
"d829f769-1d31-11ef-99ce-0af7a01f52e9";"d8297bcf-1d31-11ef-99ce-0af7a01f52e9";1;"{""state"":""tx"",""county"":{""name"":""denton"",""value"":26730},""details"":[{""name"":""Court Type"",""text"":""All County Courts"",""value"":""9""},{""name"":""Case Type"",""text"":""JP And County Courts"",""value"":""0""}],""start"":1696118400000,""end"":1696636800000}";"2024-05-28 20:35:38"
"d94151f6-600b-11ef-99ce-0af7a01f52e9";"d940cddb-600b-11ef-99ce-0af7a01f52e9";1;"{""state"":""tx"",""county"":{""name"":""harris"",""value"":27130},""details"":[{""name"":""Search Type"",""text"":""All Civil Courts"",""value"":""0""}],""start"":1696118400000,""end"":1696636800000}";"2024-08-21 22:22:27"
"dae3e117-5fc1-11ef-99ce-0af7a01f52e9";"dae357d8-5fc1-11ef-99ce-0af7a01f52e9";1;"{""state"":""tx"",""county"":{""name"":""denton"",""value"":26730},""details"":[{""name"":""Court Type"",""text"":""All County Courts"",""value"":""9""},{""name"":""Case Type"",""text"":""JP And County Courts"",""value"":""0""}],""start"":1696118400000,""end"":1696636800000}";"2024-08-21 13:32:47"
"db1ae7de-0bb8-11ef-99ce-0af7a01f52e9";"db1a0c80-0bb8-11ef-99ce-0af7a01f52e9";1;"{""state"":""tx"",""county"":{""name"":""denton"",""value"":26730},""details"":[{""name"":""Court Type"",""text"":""All County Courts"",""value"":""9""},{""name"":""Case Type"",""text"":""JP And County Courts"",""value"":""0""}],""start"":1696118400000,""end"":1696636800000}";"2024-05-06 14:56:44"
"db252ae7-600b-11ef-99ce-0af7a01f52e9";"db24a535-600b-11ef-99ce-0af7a01f52e9";1;"{""state"":""tx"",""county"":{""name"":""denton"",""value"":26730},""details"":[{""name"":""Court Type"",""text"":""All County Courts"",""value"":""9""},{""name"":""Case Type"",""text"":""JP And County Courts"",""value"":""0""}],""start"":1723846946510,""end"":1723933346505}";"2024-08-21 22:22:30"
"dcbcb409-0cbb-11ef-99ce-0af7a01f52e9";"dcbc3cc0-0cbb-11ef-99ce-0af7a01f52e9";1;"{""state"":""tx"",""county"":{""name"":""denton"",""value"":26730},""details"":[{""name"":""Court Type"",""text"":""All County Courts"",""value"":""9""},{""name"":""Case Type"",""text"":""JP And County Courts"",""value"":""0""}],""start"":1696118400000,""end"":1696636800000}";"2024-05-07 21:50:47"
"dcc88069-5fc1-11ef-99ce-0af7a01f52e9";"dcc80042-5fc1-11ef-99ce-0af7a01f52e9";1;"{""state"":""tx"",""county"":{""name"":""harris"",""value"":27130},""details"":[{""name"":""Search Type"",""text"":""All Civil Courts"",""value"":""0""}],""start"":1696118400000,""end"":1696636800000}";"2024-08-21 13:32:50"
"dd430bf6-600b-11ef-99ce-0af7a01f52e9";"dd428610-600b-11ef-99ce-0af7a01f52e9";1;"{""state"":""tx"",""county"":{""name"":""collin"",""value"":26550},""details"":[{""name"":""Search Type"",""text"":""criminal case records"",""value"":""0""}],""start"":1722982950127,""end"":1723069350127}";"2024-08-21 22:22:34"
"deb11c1f-5fc1-11ef-99ce-0af7a01f52e9";"deb086ec-5fc1-11ef-99ce-0af7a01f52e9";1;"{""state"":""tx"",""county"":{""name"":""denton"",""value"":26730},""details"":[{""name"":""Court Type"",""text"":""All County Courts"",""value"":""9""},{""name"":""Case Type"",""text"":""JP And County Courts"",""value"":""0""}],""start"":1723469571035,""end"":1723555971034}";"2024-08-21 13:32:54"
"debbc368-c5d0-11ee-be26-0af7a01f52e9";"debb1c55-c5d0-11ee-be26-0af7a01f52e9";1;"{""state"":""tx"",""county"":{""name"":""denton"",""value"":26730},""details"":[{""name"":""Court Type"",""text"":""All County Courts"",""value"":""9""},{""name"":""Case Type"",""text"":""JP And County Courts"",""value"":""0""}],""start"":1696118400000,""end"":1696636800000}";"2024-02-07 15:52:17"
"e02fc16d-c234-11ee-be26-0af7a01f52e9";"e02f1031-c234-11ee-be26-0af7a01f52e9";1;"{""state"":""tx"",""county"":{""name"":""denton"",""value"":26730},""details"":[{""name"":""Court Type"",""text"":""All County Courts"",""value"":""9""},{""name"":""Case Type"",""text"":""JP And County Courts"",""value"":""0""}],""start"":1696118400000,""end"":1696636800000}";"2024-02-03 01:38:05"
"e055ef58-0bb7-11ef-99ce-0af7a01f52e9";"e05568b0-0bb7-11ef-99ce-0af7a01f52e9";1;"{""state"":""tx"",""county"":{""name"":""denton"",""value"":26730},""details"":[{""name"":""Court Type"",""text"":""All County Courts"",""value"":""9""},{""name"":""Case Type"",""text"":""JP And County Courts"",""value"":""0""}],""start"":1696118400000,""end"":1696636800000}";"2024-05-06 14:49:44"
"e060b81f-5fc1-11ef-99ce-0af7a01f52e9";"e06030cf-5fc1-11ef-99ce-0af7a01f52e9";1;"{""state"":""tx"",""county"":{""name"":""collin"",""value"":26550},""details"":[{""name"":""Search Type"",""text"":""criminal case records"",""value"":""0""}],""start"":1723815173868,""end"":1723901573868}";"2024-08-21 13:32:56"
"e0b51665-0ba8-11ef-99ce-0af7a01f52e9";"e0b498ac-0ba8-11ef-99ce-0af7a01f52e9";1;"{""state"":""tx"",""county"":{""name"":""denton"",""value"":26730},""details"":[{""name"":""Court Type"",""text"":""All County Courts"",""value"":""9""},{""name"":""Case Type"",""text"":""JP And County Courts"",""value"":""0""}],""start"":1696118400000,""end"":1696636800000}";"2024-05-06 13:02:22"
"e3028569-0dbb-11ef-99ce-0af7a01f52e9";"e301ff6f-0dbb-11ef-99ce-0af7a01f52e9";1;"{""state"":""tx"",""county"":{""name"":""denton"",""value"":26730},""details"":[{""name"":""Court Type"",""text"":""All County Courts"",""value"":""9""},{""name"":""Case Type"",""text"":""JP And County Courts"",""value"":""0""}],""start"":1696118400000,""end"":1696636800000}";"2024-05-09 04:23:29"
"e7b474e1-cc10-11ee-be26-0af7a01f52e9";"e7b3d118-cc10-11ee-be26-0af7a01f52e9";1;"{""state"":""tx"",""county"":{""name"":""collin"",""value"":26550},""details"":[{""name"":""Search Type"",""text"":""Civil And Family Case Records"",""value"":""3""}],""start"":1707091200000,""end"":1707091200000}";"2024-02-15 14:45:47"
"e898dd85-0a68-11ef-99ce-0af7a01f52e9";"e8983cfb-0a68-11ef-99ce-0af7a01f52e9";1;"{""state"":""tx"",""county"":{""name"":""denton"",""value"":26730},""details"":[{""name"":""Court Type"",""text"":""All County Courts"",""value"":""9""},{""name"":""Case Type"",""text"":""JP And County Courts"",""value"":""0""}],""start"":1696118400000,""end"":1696636800000}";"2024-05-04 22:51:56"
"eabe558f-a482-11ef-99ce-0af7a01f52e9";"eabdd69a-a482-11ef-99ce-0af7a01f52e9";1;"{""state"":""tx"",""county"":{""name"":""denton"",""value"":26730},""details"":[{""name"":""Court Type"",""text"":""All County Courts"",""value"":""9""},{""name"":""Case Type"",""text"":""JP And County Courts"",""value"":""0""}],""start"":1696118400000,""end"":1696636800000}";"2024-11-17 01:26:06"
"eca5c6f6-a482-11ef-99ce-0af7a01f52e9";"eca4e558-a482-11ef-99ce-0af7a01f52e9";1;"{""state"":""tx"",""county"":{""name"":""harris"",""value"":27130},""details"":[{""name"":""Search Type"",""text"":""All Civil Courts"",""value"":""0""}],""start"":1696118400000,""end"":1696636800000}";"2024-11-17 01:26:09"
"ed3d217a-c5ce-11ee-be26-0af7a01f52e9";"ed3c609d-c5ce-11ee-be26-0af7a01f52e9";1;"{""state"":""tx"",""county"":{""name"":""denton"",""value"":26730},""details"":[{""name"":""Court Type"",""text"":""All County Courts"",""value"":""9""},{""name"":""Case Type"",""text"":""JP And County Courts"",""value"":""0""}],""start"":1696118400000,""end"":1696636800000}";"2024-02-07 15:38:22"
"ed57f4d1-228d-11ef-99ce-0af7a01f52e9";"ed576c96-228d-11ef-99ce-0af7a01f52e9";1;"{""state"":""tx"",""county"":{""name"":""denton"",""value"":26730},""details"":[{""name"":""Court Type"",""text"":""All County Courts"",""value"":""9""},{""name"":""Case Type"",""text"":""JP And County Courts"",""value"":""0""}],""start"":1696118400000,""end"":1696636800000}";"2024-06-04 16:17:23"
"eda1cc23-1b80-11ef-99ce-0af7a01f52e9";"eda15c29-1b80-11ef-99ce-0af7a01f52e9";1;"{""state"":""tx"",""county"":{""name"":""denton"",""value"":26730},""details"":[{""name"":""Court Type"",""text"":""All County Courts"",""value"":""9""},{""name"":""Case Type"",""text"":""JP And County Courts"",""value"":""0""}],""start"":1696118400000,""end"":1696636800000}";"2024-05-26 16:56:42"
"ee5a953a-a482-11ef-99ce-0af7a01f52e9";"ee59d61d-a482-11ef-99ce-0af7a01f52e9";1;"{""state"":""tx"",""county"":{""name"":""harris-jp"",""value"":32190},""details"":[{""name"":""Court Selection"",""text"":""All JP Courts"",""value"":""0""}],""start"":1731374768739,""end"":1731461168730}";"2024-11-17 01:26:12"
"ef7a7ef2-5570-11ef-99ce-0af7a01f52e9";"ef7a0e2c-5570-11ef-99ce-0af7a01f52e9";1;"{""state"":""tx"",""county"":{""name"":""denton"",""value"":26730},""details"":[{""name"":""Court Selection"",""text"":""All County Courts"",""value"":""9""},{""name"":""Case Type"",""text"":""JP And County Court: Civil, Family And Probate"",""value"":""0""}],""start"":1722816000000,""end"":1722902400000}";"2024-08-08 10:28:21"
"f0303f29-a482-11ef-99ce-0af7a01f52e9";"f02fb99e-a482-11ef-99ce-0af7a01f52e9";1;"{""state"":""tx"",""county"":{""name"":""denton"",""value"":26730},""details"":[{""name"":""Court Type"",""text"":""All County Courts"",""value"":""9""},{""name"":""Case Type"",""text"":""JP And County Courts"",""value"":""0""}],""start"":1731288371827,""end"":1731374771827}";"2024-11-17 01:26:15"
"f1983328-33ce-11ef-99ce-0af7a01f52e9";"f197b1c7-33ce-11ef-99ce-0af7a01f52e9";1;"{""state"":""tx"",""county"":{""name"":""collin"",""value"":26550},""details"":[{""name"":""Search Type"",""text"":""Civil And Family Case Records"",""value"":""3""}],""start"":1719187200000,""end"":1719360000000}";"2024-06-26 15:15:38"
"f2028168-a482-11ef-99ce-0af7a01f52e9";"f202036f-a482-11ef-99ce-0af7a01f52e9";1;"{""state"":""tx"",""county"":{""name"":""collin"",""value"":26550},""details"":[{""name"":""Search Type"",""text"":""criminal case records"",""value"":""0""}],""start"":1731115574912,""end"":1731201974912}";"2024-11-17 01:26:18"
"f5ceab30-0bac-11ef-99ce-0af7a01f52e9";"f5ce321f-0bac-11ef-99ce-0af7a01f52e9";1;"{""state"":""tx"",""county"":{""name"":""denton"",""value"":26730},""details"":[{""name"":""Court Type"",""text"":""All County Courts"",""value"":""9""},{""name"":""Case Type"",""text"":""JP And County Courts"",""value"":""0""}],""start"":1696118400000,""end"":1696636800000}";"2024-05-06 13:31:35"
"f71e0695-0b17-11ef-99ce-0af7a01f52e9";"f71d9164-0b17-11ef-99ce-0af7a01f52e9";1;"{""state"":""tx"",""county"":{""name"":""denton"",""value"":26730},""details"":[{""name"":""Court Type"",""text"":""All County Courts"",""value"":""9""},{""name"":""Case Type"",""text"":""JP And County Courts"",""value"":""0""}],""start"":1696118400000,""end"":1696636800000}";"2024-05-05 19:45:02"
"f8b603c7-12df-11ef-99ce-0af7a01f52e9";"f8b57222-12df-11ef-99ce-0af7a01f52e9";1;"{""state"":""tx"",""county"":{""name"":""denton"",""value"":26730},""details"":[{""name"":""Court Type"",""text"":""All County Courts"",""value"":""9""},{""name"":""Case Type"",""text"":""JP And County Courts"",""value"":""0""}],""start"":1696118400000,""end"":1696636800000}";"2024-05-15 17:24:23"
"fb3827ed-0c18-11ef-99ce-0af7a01f52e9";"fb37a5ae-0c18-11ef-99ce-0af7a01f52e9";1;"{""state"":""tx"",""county"":{""name"":""denton"",""value"":26730},""details"":[{""name"":""Court Type"",""text"":""All County Courts"",""value"":""9""},{""name"":""Case Type"",""text"":""JP And County Courts"",""value"":""0""}],""start"":1696118400000,""end"":1696636800000}";"2024-05-07 02:24:50"
"fbc0c9c8-2344-11ef-99ce-0af7a01f52e9";"fbc04d64-2344-11ef-99ce-0af7a01f52e9";1;"{""state"":""tx"",""county"":{""name"":""denton"",""value"":26730},""details"":[{""name"":""Court Selection"",""text"":""All County Courts"",""value"":""9""},{""name"":""Case Type"",""text"":""JP And County Court: Civil, Family And Probate"",""value"":""0""}],""start"":1717372800000,""end"":1717459200000}";"2024-06-05 14:07:46"
