County|Court|Court Address|Type
Fort Bend|County Court at Law No.1|301 Jackson Street, Richmond, TX. 77469|County
Fort Bend|County Court at Law No.2|301 Jackson Street, Richmond, TX. 77469|County
Fort Bend|County Court at Law No.3|301 Jackson Street, Room 101, Richmond, TX. 77469|County
Fort Bend|County Court at Law No.4|301 Jackson Street, Richmond, TX 77469|County
Fort Bend|County Court at Law No.5|301 Jackson Street, Richmond, TX 77469|County
Fort Bend|County Court at Law No.6|301 Jackson Street, Richmond, TX 77469|County
Fort Bend|240th Judicial District Court|301 Jackson Street, Richmond, TX 77469|District
Fort Bend|268th Judicial District Court|301 Jackson Street, Richmond, TX 77469|District
Fort Bend|328th Judicial District Court|301 Jackson Street, Richmond, TX 77469|District
Fort Bend|387th Judicial District Court|301 Jackson Street, Richmond, TX 77469|District
Fort Bend|400th Judicial District Court|301 Jackson Street, Richmond, TX 77469|District
Fort Bend|434th Judicial District Court|301 Jackson Street, Richmond, TX 77469|District
Fort Bend|458th Judicial District Court|301 Jackson Street, Richmond, TX 77469|District
Fort Bend|505th Judicial District Court|301 Jackson Street, Richmond, TX 77469|District
Fort Bend|Commissioner Precinct 1|301 Jackson, Richmond, Texas 77469|Justice
Fort Bend|Commissioner Precinct 2|303 Texas Parkway Ste. 213, Missouri City, Texas 77489|Justice
Fort Bend|Commissioner Precinct 3|151 Stadium Drive, Suite 122, Sugarland, Texas 77498|Justice
Fort Bend|Commissioner Precinct 4|1517 Eugene Heimann Circle, Suite #300, Richmond, Texas 77469|Justice
